content_id,client_id,is_declining_label,decline_score,model_rank,review_priority,review_outcome
content_998f6f88784c,client_f74efabef1,1,1.0,1,High,Pending human review
content_ccfad0631738,client_f74efabef1,1,0.9999999999999936,2,High,Pending human review
content_6605878eeb0d,client_a88a7902cb,1,0.9999999999999618,3,High,Pending human review
content_2d12a2ae6fc7,client_f74efabef1,1,0.9999999998492723,4,High,Pending human review
content_3844363ff6b4,client_624b60c58c,1,0.999999999562609,5,High,Pending human review
content_0390a273c940,client_a88a7902cb,1,0.9999999572731604,6,High,Pending human review
content_9507acd8f3b4,client_f74efabef1,1,0.9999998960544721,7,High,Pending human review
content_f203a581de3d,client_f74efabef1,1,0.9999998169011153,8,High,Pending human review
content_0f61f4c94440,client_a88a7902cb,1,0.9999997151502883,9,High,Pending human review
content_265c8d5277a0,client_f74efabef1,1,0.9999994218508764,10,High,Pending human review
content_595563512f86,client_f74efabef1,1,0.9999985155932448,11,High,Pending human review
content_9e0dd0d37db3,client_f74efabef1,1,0.9999974852941965,12,High,Pending human review
content_41dd7803de3b,client_a88a7902cb,1,0.9999957725498979,13,High,Pending human review
content_0d0cbb520384,client_a88a7902cb,1,0.9999926292600959,14,High,Pending human review
content_99b73d4914bf,client_f74efabef1,1,0.9999609945182855,15,High,Pending human review
content_77c9b7ea1dbd,client_f74efabef1,1,0.9999574230795895,16,High,Pending human review
content_a0a4e4f1fb85,client_a88a7902cb,1,0.9999272092184317,17,High,Pending human review
content_3b59f806a916,client_a88a7902cb,1,0.9999158207073782,18,High,Pending human review
content_ec795bf9c08e,client_a88a7902cb,1,0.9998743227476643,19,High,Pending human review
content_e3e957b1a47b,client_f74efabef1,1,0.9998469686876512,20,High,Pending human review
content_f586d866a1ee,client_a88a7902cb,1,0.9998425422565043,21,Medium,Pending human review
content_388d765d2f94,client_624b60c58c,1,0.9998144001499886,22,Medium,Pending human review
content_d7fb68efad3e,client_f74efabef1,1,0.9996916245732589,23,Medium,Pending human review
content_373d506f65e9,client_a88a7902cb,1,0.999676081343921,24,Medium,Pending human review
content_7b3dc46be1d3,client_f74efabef1,1,0.9996627448780615,25,Medium,Pending human review
content_0d6a1b98e4f6,client_f74efabef1,1,0.9996310797160729,26,Medium,Pending human review
content_16fd69d7cb31,client_f74efabef1,1,0.9996093374715107,27,Medium,Pending human review
content_ef731e95e774,client_f74efabef1,1,0.9995942480339802,28,Medium,Pending human review
content_14563c0de8b3,client_a88a7902cb,1,0.9994726923194979,29,Medium,Pending human review
content_ad9f6b0777ef,client_a88a7902cb,1,0.9994322156428844,30,Medium,Pending human review
content_9ec9942edf13,client_f74efabef1,1,0.999426084015052,31,Medium,Pending human review
content_17df7f1f7868,client_a88a7902cb,1,0.9993045961645204,32,Medium,Pending human review
content_d8992865e6a5,client_8b940be7fb,1,0.9992676363267614,33,Medium,Pending human review
content_d17fd193a251,client_a88a7902cb,1,0.9992466308925362,34,Medium,Pending human review
content_0ca3f16c5671,client_a88a7902cb,1,0.9992223564860072,35,Medium,Pending human review
content_1a0b27cdb6a1,client_f74efabef1,1,0.9991966695767436,36,Medium,Pending human review
content_9ddb96109533,client_a88a7902cb,1,0.9991925075412348,37,Medium,Pending human review
content_535aacb1d4cd,client_f74efabef1,1,0.9991502600951088,38,Medium,Pending human review
content_09107ad6b332,client_a88a7902cb,1,0.9990342763398005,39,Medium,Pending human review
content_5186d812eed4,client_f74efabef1,1,0.9989902478034288,40,Medium,Pending human review
content_ec86420576c0,client_f74efabef1,1,0.9986524200704947,41,Medium,Pending human review
content_46361d23cf75,client_a88a7902cb,1,0.9985392723855273,42,Medium,Pending human review
content_142a53c529dc,client_8b940be7fb,1,0.9983088990437035,43,Medium,Pending human review
content_813b0157b8c8,client_a88a7902cb,1,0.9983037763904722,44,Medium,Pending human review
content_def7a39a3276,client_f74efabef1,1,0.9979892858843384,45,Medium,Pending human review
content_b2f54055ce4e,client_f74efabef1,1,0.9977326995884593,46,Medium,Pending human review
content_db7d715f08ae,client_a88a7902cb,1,0.9971643934953154,47,Medium,Pending human review
content_2d88989af56c,client_a88a7902cb,1,0.9970581506120453,48,Medium,Pending human review
content_9ab644e794aa,client_f74efabef1,1,0.9966523344275491,49,Medium,Pending human review
content_9150605d8a2f,client_a88a7902cb,1,0.9966226469895013,50,Medium,Pending human review
content_c2623272bc49,client_f74efabef1,1,0.9965941743938952,51,Medium,Pending human review
content_ed30e6d83dc7,client_624b60c58c,1,0.9962532295198889,52,Medium,Pending human review
content_ef3e1e1bf3c1,client_f74efabef1,1,0.9959627436686945,53,Medium,Pending human review
content_a281d4ec75dd,client_a88a7902cb,1,0.9959546330786704,54,Medium,Pending human review
content_62e4dc7c637f,client_f74efabef1,1,0.9957827629011987,55,Medium,Pending human review
content_5118cc647c72,client_f74efabef1,1,0.9957122938611015,56,Medium,Pending human review
content_d59d6a33a9fa,client_f74efabef1,1,0.9956678331064075,57,Medium,Pending human review
content_773336009ece,client_a88a7902cb,1,0.9953080059949353,58,Medium,Pending human review
content_4b7b1433e229,client_f74efabef1,1,0.9950337287802636,59,Medium,Pending human review
content_15f87980954c,client_a88a7902cb,1,0.9949079956160959,60,Medium,Pending human review
content_3234d64d00b5,client_a88a7902cb,1,0.9939979738460961,61,Medium,Pending human review
content_307956ff38ff,client_f74efabef1,1,0.993347531601949,62,Medium,Pending human review
content_2c36c3147c23,client_f74efabef1,1,0.9931117279387084,63,Medium,Pending human review
content_1123b27c2c89,client_8b940be7fb,1,0.9925140322877992,64,Medium,Pending human review
content_2e26acd1c8aa,client_f74efabef1,1,0.9919625442235148,65,Medium,Pending human review
content_28bad8d7a667,client_f74efabef1,1,0.9919568711343523,66,Medium,Pending human review
content_e014d9a2f1f2,client_a88a7902cb,1,0.9892725175018016,67,Medium,Pending human review
content_22a4f388001a,client_f74efabef1,1,0.9867346864211481,68,Medium,Pending human review
content_3217cbceb5e9,client_f74efabef1,1,0.9863610124464436,69,Medium,Pending human review
content_019611fcc5f5,client_f74efabef1,1,0.9852209171307489,70,Medium,Pending human review
content_4e59c75dc74c,client_f74efabef1,1,0.9848898065691476,71,Medium,Pending human review
content_d67b81b7f4ef,client_a88a7902cb,1,0.9845616751473582,72,Medium,Pending human review
content_38b3f0575991,client_f74efabef1,1,0.9845326008568606,73,Medium,Pending human review
content_d2d4f3955d5c,client_f74efabef1,1,0.9842042369931356,74,Medium,Pending human review
content_ad738756610d,client_f74efabef1,1,0.9835215586439299,75,Medium,Pending human review
content_5bfda3888862,client_8b940be7fb,1,0.9824891469205551,76,Medium,Pending human review
content_43d81b04b3e3,client_a88a7902cb,1,0.982135076752313,77,Medium,Pending human review
content_19508a160b95,client_f74efabef1,1,0.9814125700011127,78,Medium,Pending human review
content_477f7892c1f1,client_f74efabef1,1,0.9811592210408016,79,Medium,Pending human review
content_7a25e5e56a63,client_a88a7902cb,1,0.9799560838853452,80,Medium,Pending human review
content_ab15782389ad,client_f74efabef1,1,0.9791487603578891,81,Medium,Pending human review
content_1810c766df73,client_f74efabef1,1,0.9790742913765521,82,Medium,Pending human review
content_22eeb7d4a605,client_f74efabef1,1,0.9786541911012941,83,Medium,Pending human review
content_76872f72fde2,client_f74efabef1,1,0.977856139707646,84,Medium,Pending human review
content_8d8393828c96,client_a88a7902cb,1,0.9767314377878991,85,Medium,Pending human review
content_239aa96b5aac,client_f74efabef1,1,0.9764182402000013,86,Medium,Pending human review
content_f1a6a49b0df6,client_a88a7902cb,1,0.9759487503096314,87,Medium,Pending human review
content_1da5699a918e,client_8b940be7fb,1,0.9741870834444517,88,Medium,Pending human review
content_121291ecac29,client_a88a7902cb,1,0.9738893467972947,89,Medium,Pending human review
content_dc448aff1d7d,client_a88a7902cb,1,0.9732336010392846,90,Medium,Pending human review
content_3da0a6df2e67,client_f74efabef1,1,0.9727321492262856,91,Medium,Pending human review
content_b5ae0cc25eff,client_f74efabef1,1,0.9726084399095228,92,Medium,Pending human review
content_04b16d5c3356,client_f74efabef1,1,0.9724175562592521,93,Medium,Pending human review
content_5169968dc4c5,client_f74efabef1,1,0.971469637147092,94,Medium,Pending human review
content_df7af7f580a2,client_f74efabef1,1,0.9711796866935268,95,Medium,Pending human review
content_96b4758021c4,client_f74efabef1,1,0.9708192413167167,96,Medium,Pending human review
content_27cf0d177c2e,client_f74efabef1,1,0.9695057414490682,97,Medium,Pending human review
content_829a902cef34,client_a88a7902cb,1,0.9692263212190858,98,Medium,Pending human review
content_6c04ceea8f46,client_f74efabef1,1,0.9682375059592908,99,Medium,Pending human review
content_237a1cc242a4,client_a88a7902cb,1,0.9680312393184436,100,Medium,Pending human review
content_c924ee01739e,client_a88a7902cb,1,0.967790907298582,101,Lower,Pending human review
content_4de67079923c,client_a88a7902cb,1,0.967761020167849,102,Lower,Pending human review
content_2938b131c81a,client_f74efabef1,1,0.9676551046742174,103,Lower,Pending human review
content_0e6fa76ed507,client_a88a7902cb,1,0.9671042982556679,104,Lower,Pending human review
content_15cab36884b5,client_a88a7902cb,1,0.9670947729703,105,Lower,Pending human review
content_8eafb8d9deff,client_f74efabef1,1,0.9663719492796072,106,Lower,Pending human review
content_197875f02a91,client_a88a7902cb,1,0.9658765859706355,107,Lower,Pending human review
content_88e1e02ab94c,client_f74efabef1,1,0.9657123820698709,108,Lower,Pending human review
content_5e24a08784e5,client_f74efabef1,1,0.9656357309790343,109,Lower,Pending human review
content_e028d0db7c60,client_f74efabef1,1,0.9655647867559951,110,Lower,Pending human review
content_44e66df27a64,client_f74efabef1,1,0.965412985308101,111,Lower,Pending human review
content_da8b23027100,client_a88a7902cb,1,0.9636144394983432,112,Lower,Pending human review
content_58c3090b5115,client_a88a7902cb,1,0.96340219877226,113,Lower,Pending human review
content_8aa0d6cfc237,client_f74efabef1,1,0.9624539925336348,114,Lower,Pending human review
content_e3ec2af8c695,client_a88a7902cb,1,0.9614428132303491,115,Lower,Pending human review
content_bae38ea1092e,client_a88a7902cb,1,0.9609648768197216,116,Lower,Pending human review
content_4dc0a0db0ae8,client_f74efabef1,1,0.9603414775226712,117,Lower,Pending human review
content_160ec77ac004,client_f74efabef1,1,0.9600346114760799,118,Lower,Pending human review
content_830d95a057ef,client_f74efabef1,1,0.959467264275581,119,Lower,Pending human review
content_22d1de934457,client_f74efabef1,1,0.959446484284597,120,Lower,Pending human review
content_8aaa8f755b5c,client_f74efabef1,1,0.9587005860590385,121,Lower,Pending human review
content_9ae9df357485,client_a88a7902cb,1,0.9583552092149299,122,Lower,Pending human review
content_951dedee5850,client_f74efabef1,1,0.9567140104356703,123,Lower,Pending human review
content_32df1e700e0d,client_f74efabef1,1,0.9564549145245518,124,Lower,Pending human review
content_489ab54de0fd,client_f74efabef1,1,0.9562085122347277,125,Lower,Pending human review
content_4582c825860e,client_f74efabef1,1,0.9553085631243854,126,Lower,Pending human review
content_19e238c79b4c,client_a88a7902cb,1,0.9552256395201716,127,Lower,Pending human review
content_d046caed594e,client_f74efabef1,1,0.954474179436495,128,Lower,Pending human review
content_cfe259b7e809,client_a88a7902cb,1,0.9542348866626815,129,Lower,Pending human review
content_ccd35f0d9336,client_f74efabef1,1,0.954020958970813,130,Lower,Pending human review
content_68b7e392aee5,client_a88a7902cb,1,0.9539558179707496,131,Lower,Pending human review
content_16a2b8ba482a,client_624b60c58c,1,0.953832674849854,132,Lower,Pending human review
content_95b0ec5ba7c4,client_a88a7902cb,1,0.9495924484919605,133,Lower,Pending human review
content_039e7310835d,client_f74efabef1,1,0.9492788064006235,134,Lower,Pending human review
content_cfdb87075db9,client_f74efabef1,1,0.9459293346786567,135,Lower,Pending human review
content_ed9c66725ca2,client_f74efabef1,1,0.9439989217946775,136,Lower,Pending human review
content_b0284fd0f633,client_f74efabef1,1,0.9431256017700755,137,Lower,Pending human review
content_eb55e64926eb,client_a88a7902cb,1,0.9427276302972694,138,Lower,Pending human review
content_34bdcb8575fc,client_a88a7902cb,1,0.9423731416341885,139,Lower,Pending human review
content_07fc318d9ed0,client_f74efabef1,1,0.9420557234051243,140,Lower,Pending human review
content_a806cd6e6717,client_a88a7902cb,1,0.9416103070077888,141,Lower,Pending human review
content_c1f789f58924,client_f74efabef1,1,0.9411264337583893,142,Lower,Pending human review
content_4c786661c302,client_a88a7902cb,1,0.9407043480890858,143,Lower,Pending human review
content_7bf8234a1b2d,client_a88a7902cb,1,0.9403399705624321,144,Lower,Pending human review
content_cf353113c755,client_f74efabef1,1,0.9400416079323556,145,Lower,Pending human review
content_f484739f7571,client_f74efabef1,1,0.9396243829884767,146,Lower,Pending human review
content_4e9f854cc6ee,client_f74efabef1,1,0.9393989746127117,147,Lower,Pending human review
content_9fdd2f67a97c,client_f74efabef1,1,0.9391984787257187,148,Lower,Pending human review
content_e0788b190562,client_a88a7902cb,1,0.9389426516064665,149,Lower,Pending human review
content_1df2423841db,client_f74efabef1,1,0.9388576262163565,150,Lower,Pending human review
content_868639db3484,client_a88a7902cb,1,0.93763945196375,151,Lower,Pending human review
content_c16e7735a15f,client_a88a7902cb,1,0.9370297764000541,152,Lower,Pending human review
content_f2cccb1440ac,client_f74efabef1,1,0.9370148401798637,153,Lower,Pending human review
content_fc0f5616de45,client_f74efabef1,1,0.935854084165355,154,Lower,Pending human review
content_2b7ea419bece,client_a88a7902cb,1,0.9348763495304632,155,Lower,Pending human review
content_e01652fd8871,client_f74efabef1,1,0.9311170646286568,156,Lower,Pending human review
content_ebe8f6552807,client_f74efabef1,1,0.9308372566366809,157,Lower,Pending human review
content_36eab7678672,client_a88a7902cb,1,0.9277920790725761,158,Lower,Pending human review
content_db154fabdfd3,client_f74efabef1,1,0.9276283610677045,159,Lower,Pending human review
content_6f6f29b31462,client_f74efabef1,1,0.9260888432518207,160,Lower,Pending human review
content_fb46c03d0e39,client_f74efabef1,1,0.9260012185176053,161,Lower,Pending human review
content_b73b02a45691,client_a88a7902cb,1,0.9238039682109993,162,Lower,Pending human review
content_60d9964e7a9b,client_f74efabef1,1,0.9235563536361852,163,Lower,Pending human review
content_e234a2798184,client_f74efabef1,1,0.9233601493361488,164,Lower,Pending human review
content_297fb35a890c,client_a88a7902cb,1,0.9225885165362787,165,Lower,Pending human review
content_a4ac73a69234,client_a88a7902cb,1,0.9225197576008024,166,Lower,Pending human review
content_03582b12af32,client_f74efabef1,1,0.9212769296580666,167,Lower,Pending human review
content_9b9f55f3c736,client_a88a7902cb,1,0.9202213540619026,168,Lower,Pending human review
content_fc0ce7ceb74c,client_f74efabef1,1,0.9197376305626352,169,Lower,Pending human review
content_38cfe29b56c3,client_f74efabef1,1,0.9196103639243443,170,Lower,Pending human review
content_965f3f4a09cb,client_f74efabef1,1,0.9190734691213812,171,Lower,Pending human review
content_90a91ee96900,client_f74efabef1,1,0.9186030119081645,172,Lower,Pending human review
content_1ecf5d1c9e6a,client_f74efabef1,1,0.9174872785603254,173,Lower,Pending human review
content_fd44be3824a3,client_f74efabef1,1,0.9169928890518003,174,Lower,Pending human review
content_e1321ad52f02,client_f74efabef1,1,0.9168706364098546,175,Lower,Pending human review
content_76c8e90d084f,client_f74efabef1,1,0.916701477852404,176,Lower,Pending human review
content_c52a3ac8369b,client_a88a7902cb,1,0.9157851377529096,177,Lower,Pending human review
content_910eeeb6467a,client_f74efabef1,1,0.9148426538206135,178,Lower,Pending human review
content_581f405133c1,client_a88a7902cb,1,0.9145158771167501,179,Lower,Pending human review
content_678a41507108,client_a88a7902cb,1,0.9129681273594221,180,Lower,Pending human review
content_ec97c4b1a05e,client_a88a7902cb,1,0.9126126865047728,181,Lower,Pending human review
content_a564f2e827a4,client_f74efabef1,1,0.9113158868889386,182,Lower,Pending human review
content_a715813d75bc,client_f74efabef1,1,0.9096881784600372,183,Lower,Pending human review
content_b3a0c473424c,client_f74efabef1,1,0.9084569224212021,184,Lower,Pending human review
content_706348ccd547,client_f74efabef1,1,0.9061561948495442,185,Lower,Pending human review
content_8070f797bcf5,client_f74efabef1,1,0.9055033731734989,186,Lower,Pending human review
content_b1f52d762c14,client_8b940be7fb,1,0.9037038892529855,187,Lower,Pending human review
content_11102e17411b,client_f74efabef1,1,0.9036091998398513,188,Lower,Pending human review
content_d1786c1cfb5d,client_f74efabef1,1,0.9011220923023505,189,Lower,Pending human review
content_ea2a7c085cdf,client_f74efabef1,1,0.8999732828119591,190,Lower,Pending human review
content_071c40cf83c1,client_f74efabef1,1,0.898893707761712,191,Lower,Pending human review
content_a8112b64cc39,client_f74efabef1,1,0.8967984248709543,192,Lower,Pending human review
content_cfad52af2ee4,client_a88a7902cb,1,0.8963228784697772,193,Lower,Pending human review
content_aa4df65e3a66,client_f74efabef1,1,0.8957859676699745,194,Lower,Pending human review
content_ec61affb75f0,client_a88a7902cb,1,0.8957687112206095,195,Lower,Pending human review
content_d0d96bb7f622,client_f74efabef1,1,0.8954507027455181,196,Lower,Pending human review
content_cab6d15a5215,client_f74efabef1,1,0.8950128882070951,197,Lower,Pending human review
content_018cd255cc0f,client_a88a7902cb,1,0.8942490924088768,198,Lower,Pending human review
content_18ff4734db2d,client_a88a7902cb,1,0.8941179749831432,199,Lower,Pending human review
content_84302ecc4cf0,client_a88a7902cb,1,0.8901376127042797,200,Lower,Pending human review
content_4f853dfdedda,client_f74efabef1,1,0.8898352249699081,201,Lower,Pending human review
content_b04baca54ab6,client_f74efabef1,1,0.8872089363145446,202,Lower,Pending human review
content_6a565f689b21,client_a88a7902cb,1,0.8867960213224658,203,Lower,Pending human review
content_1395391f986d,client_f74efabef1,1,0.8855858188194647,204,Lower,Pending human review
content_a2ca0907ac61,client_f74efabef1,1,0.8847913500289283,205,Lower,Pending human review
content_785966208f94,client_a88a7902cb,1,0.8844819435967555,206,Lower,Pending human review
content_8fc531af6821,client_f74efabef1,1,0.8838078574877435,207,Lower,Pending human review
content_3aa148330088,client_a88a7902cb,1,0.8832355297029454,208,Lower,Pending human review
content_ac66aa7121a6,client_f74efabef1,1,0.881199269968448,209,Lower,Pending human review
content_abe3344279f9,client_f74efabef1,1,0.881087332916667,210,Lower,Pending human review
content_e56116f03ec1,client_a88a7902cb,1,0.8800774544616615,211,Lower,Pending human review
content_bec3bd87639f,client_f74efabef1,1,0.8798466357767972,212,Lower,Pending human review
content_71ec535c35ba,client_a88a7902cb,1,0.8797287584725263,213,Lower,Pending human review
content_08199c89ef99,client_a88a7902cb,1,0.8794592483694073,214,Lower,Pending human review
content_7301038a0849,client_f74efabef1,1,0.878945187681993,215,Lower,Pending human review
content_83f1c6044e8d,client_f74efabef1,1,0.8768969672121364,216,Lower,Pending human review
content_818c81a114e4,client_f74efabef1,1,0.8759011947041091,217,Lower,Pending human review
content_89f63af999b1,client_f74efabef1,1,0.8742208841312382,218,Lower,Pending human review
content_cad963420d6b,client_a88a7902cb,1,0.8740771606715452,219,Lower,Pending human review
content_83be0494c955,client_f74efabef1,1,0.8717268465972324,220,Lower,Pending human review
content_ff4c5237c8df,client_a88a7902cb,1,0.8713577723981042,221,Lower,Pending human review
content_f6cef4ce81a0,client_f74efabef1,1,0.8712558141309107,222,Lower,Pending human review
content_307d6c94f1b6,client_f74efabef1,1,0.8702312004048258,223,Lower,Pending human review
content_fbf10823a640,client_f74efabef1,1,0.8696497288169022,224,Lower,Pending human review
content_6bdb0c349693,client_a88a7902cb,1,0.8694554413815652,225,Lower,Pending human review
content_70b35c391a2f,client_f74efabef1,1,0.8688740544043495,226,Lower,Pending human review
content_cf5eadf493d3,client_f74efabef1,1,0.8679388879653646,227,Lower,Pending human review
content_b636045f0a0a,client_f74efabef1,1,0.8665142466701871,228,Lower,Pending human review
content_d9dfe5461b23,client_8b940be7fb,1,0.8663419574396749,229,Lower,Pending human review
content_c58424242396,client_f74efabef1,1,0.8660764562202743,230,Lower,Pending human review
content_22494beeffa2,client_a88a7902cb,1,0.865588266531296,231,Lower,Pending human review
content_615cb7cf00e5,client_a88a7902cb,1,0.8618315860124535,232,Lower,Pending human review
content_9b3e03c5de70,client_a88a7902cb,1,0.8617637846375338,233,Lower,Pending human review
content_2e2c23505afa,client_f74efabef1,1,0.8617623292616313,234,Lower,Pending human review
content_cbd90b94f748,client_a88a7902cb,1,0.861568142201576,235,Lower,Pending human review
content_b8d4f9803848,client_f74efabef1,1,0.8591728784091617,236,Lower,Pending human review
content_ff107ede59e8,client_a88a7902cb,1,0.8591641330861536,237,Lower,Pending human review
content_b033cd70210b,client_f74efabef1,1,0.8581129033367653,238,Lower,Pending human review
content_23449ede2de6,client_624b60c58c,1,0.8577587295068871,239,Lower,Pending human review
content_16f8d40ac6d8,client_f74efabef1,1,0.8574502167697011,240,Lower,Pending human review
content_c1e9b3eaa78a,client_f74efabef1,1,0.8570849618213515,241,Lower,Pending human review
content_67e739541948,client_a88a7902cb,1,0.85672067955421,242,Lower,Pending human review
content_380b4510fdfb,client_f74efabef1,1,0.8557538081822549,243,Lower,Pending human review
content_42a96670a3a4,client_f74efabef1,1,0.8557442522560006,244,Lower,Pending human review
content_22cd1feb4710,client_a88a7902cb,1,0.8527160451685648,245,Lower,Pending human review
content_cceafa97bf5b,client_f74efabef1,1,0.8512210628958078,246,Lower,Pending human review
content_4d259a3aadb8,client_f74efabef1,1,0.8509685428218337,247,Lower,Pending human review
content_543e45b936dd,client_f74efabef1,1,0.8495625965360489,248,Lower,Pending human review
content_e8ab88172458,client_a88a7902cb,1,0.8478925094171977,249,Lower,Pending human review
content_d64d5e3e8194,client_f74efabef1,1,0.8471936546561016,250,Lower,Pending human review
content_37b9cc7e0e1b,client_f74efabef1,1,0.8449711086283093,251,Lower,Pending human review
content_973733457250,client_f74efabef1,1,0.8445244489951375,252,Lower,Pending human review
content_e7766b7a2ac9,client_f74efabef1,1,0.8417588511877959,253,Lower,Pending human review
content_73da2b2f119f,client_f74efabef1,1,0.8414694333144739,254,Lower,Pending human review
content_1e9ba15dff4c,client_f74efabef1,1,0.8414243046583977,255,Lower,Pending human review
content_10e745b896c9,client_a88a7902cb,1,0.839356394623477,256,Lower,Pending human review
content_f9a10c8de559,client_f74efabef1,1,0.8390426166279529,257,Lower,Pending human review
content_2c961b83d6a5,client_f74efabef1,1,0.8387176729489186,258,Lower,Pending human review
content_effca28a4e4f,client_8b940be7fb,1,0.8381171677724698,259,Lower,Pending human review
content_c73b8bef0152,client_f74efabef1,1,0.8364820688578465,260,Lower,Pending human review
content_77b38e6cb53b,client_a88a7902cb,1,0.8363097202400102,261,Lower,Pending human review
content_40306dab299d,client_f74efabef1,1,0.8362467181618992,262,Lower,Pending human review
content_eda02f78526c,client_f74efabef1,1,0.8362462715780562,263,Lower,Pending human review
content_ce23d3456b6d,client_f74efabef1,1,0.8348579154459793,264,Lower,Pending human review
content_9f87aa5ca055,client_f74efabef1,1,0.8347638682861507,265,Lower,Pending human review
content_1d58c5d7b5a2,client_f74efabef1,1,0.8345384683945687,266,Lower,Pending human review
content_af33a0c32ebe,client_f74efabef1,1,0.834437069591581,267,Lower,Pending human review
content_96ef31d5289f,client_a88a7902cb,1,0.834118159113442,268,Lower,Pending human review
content_5bcd6cd076a5,client_f74efabef1,1,0.8337477157519877,269,Lower,Pending human review
content_6c55256dc5b5,client_f74efabef1,1,0.831636687349414,270,Lower,Pending human review
content_6b9f8824e0d7,client_f74efabef1,1,0.8315640520549531,271,Lower,Pending human review
content_8080d1b35486,client_a88a7902cb,1,0.8311492137865761,272,Lower,Pending human review
content_31e12d9579d6,client_f74efabef1,1,0.8302831440194388,273,Lower,Pending human review
content_7856c019aee8,client_f74efabef1,1,0.8300143092530331,274,Lower,Pending human review
content_8aa403b68acc,client_f74efabef1,1,0.8296272157562254,275,Lower,Pending human review
content_579d5db5bb98,client_f74efabef1,1,0.8292334307371787,276,Lower,Pending human review
content_4f924ddd9692,client_f74efabef1,1,0.8291354523681592,277,Lower,Pending human review
content_ed88d0c5545c,client_f74efabef1,1,0.827730591898076,278,Lower,Pending human review
content_6220938aa626,client_f74efabef1,1,0.8276239578384361,279,Lower,Pending human review
content_e172f809f8d1,client_f74efabef1,1,0.8268244661269792,280,Lower,Pending human review
content_60d47bc3351c,client_a88a7902cb,1,0.8265742729279801,281,Lower,Pending human review
content_fb8d54558204,client_f74efabef1,1,0.8262494113627211,282,Lower,Pending human review
content_7da500b65ab1,client_f74efabef1,1,0.8254065800108853,283,Lower,Pending human review
content_55b60c31ff6d,client_f74efabef1,1,0.8247244936419783,284,Lower,Pending human review
content_c66ae891396e,client_f74efabef1,1,0.8239101288433216,285,Lower,Pending human review
content_24d7e3bc75e6,client_a88a7902cb,1,0.8234868609667432,286,Lower,Pending human review
content_e183f9137843,client_f74efabef1,1,0.8229110807213218,287,Lower,Pending human review
content_07ef601ef646,client_a88a7902cb,1,0.8228092098576254,288,Lower,Pending human review
content_6c143759c11d,client_f74efabef1,1,0.8208214239351974,289,Lower,Pending human review
content_68e3bd48dcd3,client_a88a7902cb,1,0.820656985843557,290,Lower,Pending human review
content_fded62af1b93,client_f74efabef1,1,0.819415155720711,291,Lower,Pending human review
content_4c545ca3e8d3,client_a88a7902cb,1,0.818834488953517,292,Lower,Pending human review
content_f7ab7d77dad9,client_a88a7902cb,1,0.8184774798557019,293,Lower,Pending human review
content_efce5533859f,client_f74efabef1,1,0.818328472992503,294,Lower,Pending human review
content_b014f3389510,client_f74efabef1,1,0.817117455926911,295,Lower,Pending human review
content_c8d65945401b,client_f74efabef1,1,0.8170342749274154,296,Lower,Pending human review
content_c4f7c1acf3a4,client_f74efabef1,1,0.8153851378232014,297,Lower,Pending human review
content_db2f0fa42fcc,client_f74efabef1,1,0.8146245279987857,298,Lower,Pending human review
content_b65908afa095,client_a88a7902cb,1,0.8141530853703094,299,Lower,Pending human review
content_7e825b210e61,client_f74efabef1,1,0.8138328063879343,300,Lower,Pending human review
content_0cb5cd24f869,client_a88a7902cb,1,0.8138207537480685,301,Lower,Pending human review
content_b1149b169369,client_a88a7902cb,1,0.8122879114119248,302,Lower,Pending human review
content_c9b6096b8468,client_f74efabef1,1,0.8122298909036152,303,Lower,Pending human review
content_46ea2bf3b5c6,client_a88a7902cb,1,0.8120272661395223,304,Lower,Pending human review
content_38a43a48c9cf,client_a88a7902cb,1,0.8118408550610265,305,Lower,Pending human review
content_56207478af6e,client_f74efabef1,1,0.8108917262907622,306,Lower,Pending human review
content_ea35bf11b59b,client_f74efabef1,1,0.8106640838037201,307,Lower,Pending human review
content_1d4f0e0d7b93,client_f74efabef1,1,0.8087644511081491,308,Lower,Pending human review
content_1b5f8297dd8f,client_f74efabef1,1,0.8079598081913346,309,Lower,Pending human review
content_ec52084b3141,client_f74efabef1,1,0.8078436334836858,310,Lower,Pending human review
content_9b58799c7221,client_a88a7902cb,1,0.8076773831382795,311,Lower,Pending human review
content_407297e008be,client_f74efabef1,1,0.8051643892803438,312,Lower,Pending human review
content_e53e6d863fab,client_a88a7902cb,1,0.8051535272800855,313,Lower,Pending human review
content_c560983495bd,client_f74efabef1,1,0.8039538178757226,314,Lower,Pending human review
content_e486a6bca2a9,client_f74efabef1,1,0.8032645583039367,315,Lower,Pending human review
content_6272bc5f92da,client_f74efabef1,1,0.8032448149632158,316,Lower,Pending human review
content_ba54168a8851,client_a88a7902cb,1,0.8025354282102634,317,Lower,Pending human review
content_281ce70cfac5,client_a88a7902cb,1,0.8023203612665817,318,Lower,Pending human review
content_a62fad543321,client_a88a7902cb,1,0.8017153163573334,319,Lower,Pending human review
content_3f9e87593092,client_a88a7902cb,1,0.8010705352582848,320,Lower,Pending human review
content_a3b1fb090169,client_f74efabef1,1,0.8006774811665022,321,Lower,Pending human review
content_4f0ef1605d8b,client_a88a7902cb,1,0.7992989288709382,322,Lower,Pending human review
content_af7318e0a937,client_a88a7902cb,1,0.7987473488120755,323,Lower,Pending human review
content_d74b2ca2fe83,client_624b60c58c,1,0.7983163094740106,324,Lower,Pending human review
content_33b6b8c7b6b1,client_f74efabef1,1,0.7981757112709897,325,Lower,Pending human review
content_3fd34e4bda62,client_f74efabef1,1,0.7965258096854542,326,Lower,Pending human review
content_135be02ebd8f,client_f74efabef1,1,0.7955297356885999,327,Lower,Pending human review
content_e7aa3cdfa200,client_a88a7902cb,1,0.7954491848792236,328,Lower,Pending human review
content_5de6327d8ab8,client_a88a7902cb,1,0.7949847760034008,329,Lower,Pending human review
content_205d896995aa,client_a88a7902cb,1,0.7937780806102773,330,Lower,Pending human review
content_0821ff587913,client_f74efabef1,1,0.7932114365523896,331,Lower,Pending human review
content_8fd785bcf705,client_a88a7902cb,1,0.7931791958414082,332,Lower,Pending human review
content_74e60ad55b31,client_f74efabef1,1,0.7930104747006264,333,Lower,Pending human review
content_fd2ad28079f7,client_f74efabef1,1,0.7925971648631006,334,Lower,Pending human review
content_d1d23c7c5eb2,client_f74efabef1,1,0.791645329830048,335,Lower,Pending human review
content_deddba279507,client_a88a7902cb,1,0.791519740248289,336,Lower,Pending human review
content_9edd9d24d285,client_a88a7902cb,1,0.791356151815114,337,Lower,Pending human review
content_369968f8ca83,client_a88a7902cb,1,0.7912402690191226,338,Lower,Pending human review
content_4c622bd490a0,client_f74efabef1,1,0.7899327103388314,339,Lower,Pending human review
content_fb70243b0c29,client_a88a7902cb,1,0.7896317486670711,340,Lower,Pending human review
content_516806da0325,client_f74efabef1,1,0.7888100765179406,341,Lower,Pending human review
content_f1ea93414275,client_a88a7902cb,1,0.7879688274403008,342,Lower,Pending human review
content_330a9f2d60d6,client_624b60c58c,1,0.7878263975711525,343,Lower,Pending human review
content_3ca023e90b80,client_f74efabef1,1,0.7875519212104407,344,Lower,Pending human review
content_2b71f084d986,client_f74efabef1,1,0.7869897608051938,345,Lower,Pending human review
content_5e44ec5ee3b3,client_a88a7902cb,1,0.7865401493115038,346,Lower,Pending human review
content_efab6421e4d6,client_a88a7902cb,1,0.7861900919256153,347,Lower,Pending human review
content_89b7700daa7c,client_a88a7902cb,1,0.7854456991479851,348,Lower,Pending human review
content_ddf2cb54ebb1,client_f74efabef1,1,0.7852516685589084,349,Lower,Pending human review
content_21199c1a8100,client_a88a7902cb,1,0.78491958135336,350,Lower,Pending human review
content_275062583966,client_f74efabef1,1,0.7844700205666121,351,Lower,Pending human review
content_7a2fc220ce6c,client_a88a7902cb,1,0.784139640639734,352,Lower,Pending human review
content_84b4ca27d4a0,client_f74efabef1,1,0.7840032071537437,353,Lower,Pending human review
content_271f98d97de4,client_a88a7902cb,1,0.7837622103391532,354,Lower,Pending human review
content_80c35cac95c1,client_f74efabef1,1,0.7834289027496658,355,Lower,Pending human review
content_2c57493d1d19,client_a88a7902cb,1,0.7829685147054651,356,Lower,Pending human review
content_92eef0b146c1,client_f74efabef1,1,0.7828012978587959,357,Lower,Pending human review
content_b27f74a1fb3f,client_f74efabef1,1,0.7825688229616009,358,Lower,Pending human review
content_ca622b524632,client_f74efabef1,1,0.7823310078300135,359,Lower,Pending human review
content_c4af856d772c,client_a88a7902cb,1,0.7820083486486361,360,Lower,Pending human review
content_fb50f211378d,client_a88a7902cb,1,0.7812656880196777,361,Lower,Pending human review
content_19a1bcf32f51,client_f74efabef1,1,0.779856121082808,362,Lower,Pending human review
content_3fd9d62bcd82,client_f74efabef1,1,0.7794585149718356,363,Lower,Pending human review
content_61c7db5369c5,client_f74efabef1,1,0.7790541412760889,364,Lower,Pending human review
content_090fd8557ea9,client_f74efabef1,1,0.7787262680726116,365,Lower,Pending human review
content_a5b637cd12fc,client_f74efabef1,1,0.7785356493156069,366,Lower,Pending human review
content_6edfa34deb65,client_a88a7902cb,1,0.7781857091680828,367,Lower,Pending human review
content_b4bb27d63f25,client_f74efabef1,1,0.7778366609192132,368,Lower,Pending human review
content_d145ea42c5b5,client_f74efabef1,1,0.7754646801619446,369,Lower,Pending human review
content_1a709341ad61,client_f74efabef1,1,0.774624627653892,370,Lower,Pending human review
content_6e17dbac0491,client_f74efabef1,1,0.7743820294932536,371,Lower,Pending human review
content_e83c7e923114,client_a88a7902cb,1,0.7738910709540068,372,Lower,Pending human review
content_7cc0087a9a06,client_f74efabef1,1,0.7737994543384532,373,Lower,Pending human review
content_344a98382ae1,client_f74efabef1,1,0.7735865801530329,374,Lower,Pending human review
content_66f3db2fd6a0,client_f74efabef1,1,0.7733032522786882,375,Lower,Pending human review
content_d275a7e021d8,client_f74efabef1,1,0.7731472960439726,376,Lower,Pending human review
content_b535bba4a448,client_a88a7902cb,1,0.7698754932467163,377,Lower,Pending human review
content_393c7840774e,client_f74efabef1,1,0.7688476347855608,378,Lower,Pending human review
content_329b9f5bd7ad,client_a88a7902cb,1,0.7682053172834525,379,Lower,Pending human review
content_957d634a5c00,client_a88a7902cb,1,0.7678101728692106,380,Lower,Pending human review
content_949332eef806,client_a88a7902cb,1,0.76712031478511,381,Lower,Pending human review
content_9ed76dc499a4,client_a88a7902cb,1,0.766639296475127,382,Lower,Pending human review
content_7d0f2fae6ac0,client_f74efabef1,1,0.7653878757272337,383,Lower,Pending human review
content_60808bcfc1db,client_f74efabef1,1,0.7652865613113489,384,Lower,Pending human review
content_7ca39a36f84d,client_a88a7902cb,1,0.762770701085187,385,Lower,Pending human review
content_a5b74b001e02,client_f74efabef1,1,0.7626829660434455,386,Lower,Pending human review
content_ededda6ae161,client_f74efabef1,1,0.7626366846393124,387,Lower,Pending human review
content_8fb79a8290e8,client_a88a7902cb,1,0.7619759849752583,388,Lower,Pending human review
content_820d9382a23e,client_f74efabef1,1,0.7615624799670169,389,Lower,Pending human review
content_fcd761ce4aea,client_f74efabef1,1,0.7611299468433802,390,Lower,Pending human review
content_c5114c8688bc,client_a88a7902cb,1,0.7600815429365563,391,Lower,Pending human review
content_69886e60a715,client_f74efabef1,1,0.7595433352189273,392,Lower,Pending human review
content_dad336b1543d,client_f74efabef1,1,0.7576357411245218,393,Lower,Pending human review
content_82565f70e10a,client_f74efabef1,1,0.7573053275201714,394,Lower,Pending human review
content_ca1066968a19,client_a88a7902cb,1,0.7568765978282476,395,Lower,Pending human review
content_5dbfc657e8a8,client_f74efabef1,1,0.756834665625749,396,Lower,Pending human review
content_94c83ed8fe61,client_a88a7902cb,1,0.7563861177266344,397,Lower,Pending human review
content_af66b2e424e9,client_a88a7902cb,1,0.7551530705316917,398,Lower,Pending human review
content_fa1b30619fae,client_a88a7902cb,1,0.755148107950477,399,Lower,Pending human review
content_afe9ff675bea,client_a88a7902cb,1,0.754550138309005,400,Lower,Pending human review
content_79ac17a8ce98,client_f74efabef1,1,0.753622175742084,401,Lower,Pending human review
content_2e117b0498fa,client_f74efabef1,1,0.7528845893108079,402,Lower,Pending human review
content_ceffbee75a75,client_a88a7902cb,0,0.7527738746762062,403,Lower,Pending human review
content_e314a5390cb4,client_a88a7902cb,1,0.7525133895530814,404,Lower,Pending human review
content_d3fb6d476dfd,client_a88a7902cb,1,0.7515348071863277,405,Lower,Pending human review
content_484a56adcf36,client_a88a7902cb,1,0.7500399225234189,406,Lower,Pending human review
content_e5ff426e94b2,client_624b60c58c,1,0.7498224395514833,407,Lower,Pending human review
content_10eaf692e8e1,client_f74efabef1,1,0.7487661885673229,408,Lower,Pending human review
content_67ccc509ac77,client_f74efabef1,1,0.7481249728715488,409,Lower,Pending human review
content_8a59d1617054,client_a88a7902cb,1,0.7480099352675648,410,Lower,Pending human review
content_bf9bc923121e,client_a88a7902cb,1,0.7479724609598993,411,Lower,Pending human review
content_0e0d31bceed2,client_624b60c58c,1,0.7477366970340367,412,Lower,Pending human review
content_d7e642e16c19,client_a88a7902cb,1,0.7441877122148021,413,Lower,Pending human review
content_8d776a9af562,client_624b60c58c,1,0.7435677073185771,414,Lower,Pending human review
content_f68b1081eb71,client_f74efabef1,1,0.7417909676321959,415,Lower,Pending human review
content_08caeee1bb86,client_a88a7902cb,1,0.7408365156253671,416,Lower,Pending human review
content_aad5361ee51c,client_f74efabef1,1,0.7405149086372124,417,Lower,Pending human review
content_bde2d252d272,client_a88a7902cb,1,0.7402392551838941,418,Lower,Pending human review
content_4addafaa03ee,client_f74efabef1,1,0.7399845098426697,419,Lower,Pending human review
content_32be9f631712,client_f74efabef1,1,0.7394984361042864,420,Lower,Pending human review
content_411d727b58d8,client_f74efabef1,1,0.7391033909359774,421,Lower,Pending human review
content_5aeefd966daf,client_a88a7902cb,1,0.738827611585193,422,Lower,Pending human review
content_880ca7127bdf,client_f74efabef1,1,0.7384531760935296,423,Lower,Pending human review
content_400da27b7b89,client_a88a7902cb,0,0.7374295700399623,424,Lower,Pending human review
content_e243974e89dd,client_a88a7902cb,1,0.7365548700297351,425,Lower,Pending human review
content_0b7eeee62380,client_a88a7902cb,0,0.7348611696895093,426,Lower,Pending human review
content_2ab2467cbe82,client_f74efabef1,1,0.7346815135615682,427,Lower,Pending human review
content_114422e7b026,client_f74efabef1,1,0.7345326580667829,428,Lower,Pending human review
content_e893bcbb9bcf,client_a88a7902cb,1,0.7342903044282255,429,Lower,Pending human review
content_6e02c8d0cc61,client_f74efabef1,1,0.7340405166731276,430,Lower,Pending human review
content_4acf47aa2770,client_f74efabef1,1,0.7336226330981598,431,Lower,Pending human review
content_f249b0b370d4,client_f74efabef1,1,0.7330314552476919,432,Lower,Pending human review
content_538a8fbcf006,client_f74efabef1,1,0.7327904893861954,433,Lower,Pending human review
content_f394bd34210a,client_a88a7902cb,1,0.7327649934106351,434,Lower,Pending human review
content_6f3bdb1fb8fe,client_f74efabef1,1,0.7327386684671638,435,Lower,Pending human review
content_2de814532173,client_a88a7902cb,1,0.7323069169044545,436,Lower,Pending human review
content_e20e2feb873f,client_a88a7902cb,1,0.7318534888329454,437,Lower,Pending human review
content_02b5f667a516,client_f74efabef1,1,0.7317389002175467,438,Lower,Pending human review
content_f41621d8585f,client_a88a7902cb,1,0.7312559620962689,439,Lower,Pending human review
content_a13a7ca218d2,client_624b60c58c,1,0.7310973101377648,440,Lower,Pending human review
content_b29f1950f920,client_a88a7902cb,1,0.7310300451953972,441,Lower,Pending human review
content_ed8d3d6827b7,client_a88a7902cb,1,0.729490951341701,442,Lower,Pending human review
content_ded71a10aebc,client_f74efabef1,1,0.7292664631351548,443,Lower,Pending human review
content_0068c6558ab1,client_a88a7902cb,1,0.728479856653801,444,Lower,Pending human review
content_fc83ae2e8de1,client_f74efabef1,1,0.7283681102616173,445,Lower,Pending human review
content_ad333128d952,client_a88a7902cb,1,0.7274558090912062,446,Lower,Pending human review
content_70261ccf591b,client_f74efabef1,1,0.727447581639628,447,Lower,Pending human review
content_d65e0766ef64,client_a88a7902cb,1,0.7273684735701289,448,Lower,Pending human review
content_bd92fe4abab5,client_f74efabef1,1,0.7266609385226211,449,Lower,Pending human review
content_c499582492b0,client_a88a7902cb,1,0.7257169001153838,450,Lower,Pending human review
content_a79dcdcda4b1,client_a88a7902cb,1,0.7246998994715934,451,Lower,Pending human review
content_55a5c2734fef,client_f74efabef1,1,0.7246864975977197,452,Lower,Pending human review
content_96343d925a67,client_f74efabef1,1,0.723860324696389,453,Lower,Pending human review
content_16563d66c753,client_a88a7902cb,1,0.7235270801269621,454,Lower,Pending human review
content_71032e3148fa,client_f74efabef1,1,0.7234158195746186,455,Lower,Pending human review
content_d3b266ab2298,client_f74efabef1,1,0.7232162622443425,456,Lower,Pending human review
content_9b874b53dcf9,client_a88a7902cb,1,0.7228225839559271,457,Lower,Pending human review
content_ec9bdc43492e,client_a88a7902cb,1,0.7215807467072702,458,Lower,Pending human review
content_c4bb8a901ca4,client_a88a7902cb,1,0.7212713830479149,459,Lower,Pending human review
content_edcd521f4135,client_a88a7902cb,1,0.7210011604596728,460,Lower,Pending human review
content_cb3f428ab8ad,client_f74efabef1,1,0.7201291974925903,461,Lower,Pending human review
content_5527aa22a6af,client_a88a7902cb,1,0.7199566452662286,462,Lower,Pending human review
content_2792ecae3a78,client_a88a7902cb,1,0.7192582132836145,463,Lower,Pending human review
content_fa0d6bab077f,client_f74efabef1,0,0.7191483038308254,464,Lower,Pending human review
content_bd1030091bbc,client_f74efabef1,1,0.718719849748504,465,Lower,Pending human review
content_35f0c547bfa2,client_f74efabef1,1,0.7182811519792839,466,Lower,Pending human review
content_ef0ec27c736b,client_f74efabef1,1,0.7179370849080421,467,Lower,Pending human review
content_be281f672a48,client_f74efabef1,1,0.7179360660869928,468,Lower,Pending human review
content_19e8d376b7f3,client_f74efabef1,1,0.7178539707830371,469,Lower,Pending human review
content_f2b648fda77d,client_f74efabef1,1,0.7175681727040258,470,Lower,Pending human review
content_da6b6d134554,client_f74efabef1,1,0.7174567824020853,471,Lower,Pending human review
content_b73061588e7d,client_a88a7902cb,1,0.717217979063963,472,Lower,Pending human review
content_4a0d5360b7fe,client_a88a7902cb,1,0.7170864152318774,473,Lower,Pending human review
content_a53455cc037b,client_a88a7902cb,1,0.7165314841839452,474,Lower,Pending human review
content_a45266370264,client_f74efabef1,1,0.7160549437981278,475,Lower,Pending human review
content_6f5cf7383fb9,client_a88a7902cb,1,0.7156613706921094,476,Lower,Pending human review
content_7c98dadae273,client_f74efabef1,1,0.7154455764039659,477,Lower,Pending human review
content_3527bb397074,client_a88a7902cb,1,0.7153973687342283,478,Lower,Pending human review
content_199c37e2c74d,client_a88a7902cb,1,0.7153953884928658,479,Lower,Pending human review
content_5a7575932e0d,client_a88a7902cb,1,0.7153432929188502,480,Lower,Pending human review
content_de7526789916,client_624b60c58c,1,0.7151602003363213,481,Lower,Pending human review
content_b368b84606f2,client_a88a7902cb,1,0.7143516479731032,482,Lower,Pending human review
content_dd41aa13e4f5,client_f74efabef1,1,0.7138319813538209,483,Lower,Pending human review
content_7b346c691ab2,client_f74efabef1,1,0.7134639778717089,484,Lower,Pending human review
content_1667c0e86290,client_f74efabef1,1,0.7134035627338484,485,Lower,Pending human review
content_d2bbf0f53d53,client_f74efabef1,1,0.7132672725458671,486,Lower,Pending human review
content_6f645631f600,client_f74efabef1,1,0.7123150302073876,487,Lower,Pending human review
content_88744e4bd22e,client_a88a7902cb,1,0.7120496875736264,488,Lower,Pending human review
content_e51828014331,client_f74efabef1,1,0.7118778318763982,489,Lower,Pending human review
content_b854e1b19fe8,client_a88a7902cb,1,0.7117023143630223,490,Lower,Pending human review
content_b9fd4c81c4e2,client_f74efabef1,1,0.7106489746357914,491,Lower,Pending human review
content_fbd9623d5f72,client_f74efabef1,1,0.7104271614265504,492,Lower,Pending human review
content_f90b587dff61,client_f74efabef1,1,0.7102975632730607,493,Lower,Pending human review
content_b0ae1d7c5d8a,client_a88a7902cb,1,0.7102776280306938,494,Lower,Pending human review
content_371f1574e72a,client_f74efabef1,1,0.7101467815376741,495,Lower,Pending human review
content_f21308f874df,client_a88a7902cb,1,0.70991070714394,496,Lower,Pending human review
content_509f1e5640f3,client_a88a7902cb,1,0.7090791682843108,497,Lower,Pending human review
content_74e5a946be04,client_f74efabef1,1,0.708601646725253,498,Lower,Pending human review
content_b757b032fd7d,client_a88a7902cb,1,0.7082012986359931,499,Lower,Pending human review
content_4a811b560994,client_f74efabef1,1,0.7078558043750516,500,Lower,Pending human review
content_ff1c24e640ec,client_f74efabef1,0,0.7071619856854096,501,Lower,Pending human review
content_1a3f84e3f0b2,client_a88a7902cb,1,0.7071579952262247,502,Lower,Pending human review
content_eecadcc0ad66,client_a88a7902cb,1,0.7066628091289678,503,Lower,Pending human review
content_adaea1bd1d8f,client_a88a7902cb,1,0.7060448871830562,504,Lower,Pending human review
content_b07c9c0f4ba4,client_f74efabef1,1,0.70530611637881,505,Lower,Pending human review
content_42b1fa5dbde8,client_a88a7902cb,1,0.7051989689877954,506,Lower,Pending human review
content_d0ce4126c1c9,client_a88a7902cb,1,0.705167745152418,507,Lower,Pending human review
content_e88c233cde02,client_a88a7902cb,1,0.7051402370815542,508,Lower,Pending human review
content_e904c2ee66b3,client_a88a7902cb,1,0.7043084201097505,509,Lower,Pending human review
content_b553949d2d55,client_a88a7902cb,1,0.7043055432170953,510,Lower,Pending human review
content_198ce7067b44,client_a88a7902cb,1,0.7037868261731641,511,Lower,Pending human review
content_e9f2b8cc1474,client_a88a7902cb,1,0.7037840409509402,512,Lower,Pending human review
content_c5182d44e3da,client_f74efabef1,1,0.703614206184869,513,Lower,Pending human review
content_f36b94a41da9,client_a88a7902cb,1,0.7035894990938145,514,Lower,Pending human review
content_56d505ab01b2,client_f74efabef1,0,0.7035578102278999,515,Lower,Pending human review
content_47c38e5820a7,client_f74efabef1,1,0.7034297103643093,516,Lower,Pending human review
content_934d4aab9566,client_a88a7902cb,1,0.7033615556159512,517,Lower,Pending human review
content_aefa25880886,client_f74efabef1,1,0.7033132799595286,518,Lower,Pending human review
content_3c7b0a276edc,client_f74efabef1,1,0.7030838812902682,519,Lower,Pending human review
content_b69aeb937761,client_f74efabef1,1,0.7012775313223666,520,Lower,Pending human review
content_8522ffc1ca54,client_f74efabef1,1,0.7005615664518354,521,Lower,Pending human review
content_b40894cbb915,client_f74efabef1,1,0.6996783102377885,522,Lower,Pending human review
content_eb53dc14317a,client_f74efabef1,1,0.6996660243267894,523,Lower,Pending human review
content_01a89aa912e8,client_f74efabef1,1,0.6994400397523455,524,Lower,Pending human review
content_edd28d3db9c4,client_a88a7902cb,1,0.6992920418610412,525,Lower,Pending human review
content_0f292a05c9d3,client_a88a7902cb,1,0.6976083050815509,526,Lower,Pending human review
content_cc97c093c379,client_a88a7902cb,0,0.6975642075205476,527,Lower,Pending human review
content_38d898b3cc8d,client_a88a7902cb,1,0.6973051869900289,528,Lower,Pending human review
content_f5fd3e7a6dd4,client_a88a7902cb,1,0.6969089552945572,529,Lower,Pending human review
content_ded21d6ab93b,client_a88a7902cb,1,0.6967677625494304,530,Lower,Pending human review
content_19f79ee37a35,client_a88a7902cb,1,0.696444601210033,531,Lower,Pending human review
content_8df9be35e024,client_a88a7902cb,1,0.695336272337987,532,Lower,Pending human review
content_c15de66f6851,client_a88a7902cb,1,0.6953135047398499,533,Lower,Pending human review
content_3085c92b737d,client_a88a7902cb,1,0.6949720434900486,534,Lower,Pending human review
content_06e88d03ae13,client_a88a7902cb,1,0.6949145034675823,535,Lower,Pending human review
content_7e7709eb9eb6,client_a88a7902cb,1,0.6947566414537379,536,Lower,Pending human review
content_702ff4e9d7fe,client_f74efabef1,1,0.6943306666324955,537,Lower,Pending human review
content_ca52df9bf3c9,client_f74efabef1,1,0.6939745748176844,538,Lower,Pending human review
content_060615114b61,client_f74efabef1,1,0.693776353823391,539,Lower,Pending human review
content_bcf985f6e96a,client_a88a7902cb,1,0.6931836889761077,540,Lower,Pending human review
content_88b2e536c155,client_a88a7902cb,1,0.6929112247867102,541,Lower,Pending human review
content_3b88f3d3853d,client_f74efabef1,1,0.6925644347908373,542,Lower,Pending human review
content_64cf47073dac,client_a88a7902cb,1,0.6922281284994228,543,Lower,Pending human review
content_29c3c5c55f95,client_f74efabef1,1,0.6922111813930457,544,Lower,Pending human review
content_586314b7e2b6,client_f74efabef1,1,0.6919657191547552,545,Lower,Pending human review
content_408aebb7694e,client_a88a7902cb,1,0.6919147720838971,546,Lower,Pending human review
content_67b7574be216,client_a88a7902cb,1,0.6918257036809258,547,Lower,Pending human review
content_528eecc24697,client_a88a7902cb,1,0.6918254754341292,548,Lower,Pending human review
content_bbfe2fb60f3b,client_a88a7902cb,1,0.6916834336766267,549,Lower,Pending human review
content_3a02e4d043a1,client_a88a7902cb,1,0.6911494752584101,550,Lower,Pending human review
content_2e150b646f35,client_a88a7902cb,1,0.6910349432175932,551,Lower,Pending human review
content_423c7cf07765,client_f74efabef1,0,0.6905647869368324,552,Lower,Pending human review
content_1f8e5e7d129a,client_f74efabef1,1,0.6899784476993753,553,Lower,Pending human review
content_abce73a365e1,client_624b60c58c,0,0.6899200886018411,554,Lower,Pending human review
content_dc15af7f9670,client_624b60c58c,0,0.6895005407056325,555,Lower,Pending human review
content_5ed82128408f,client_a88a7902cb,1,0.6893568930277068,556,Lower,Pending human review
content_2c14eac78ed6,client_f74efabef1,1,0.6889796080817282,557,Lower,Pending human review
content_b1ae59fb9582,client_f74efabef1,0,0.6886658652767159,558,Lower,Pending human review
content_ce49a09a8864,client_a88a7902cb,1,0.6886599535073824,559,Lower,Pending human review
content_a262679eee5d,client_a88a7902cb,1,0.6882920808108058,560,Lower,Pending human review
content_d7d3a8facc3a,client_f74efabef1,1,0.6875209428531549,561,Lower,Pending human review
content_10975c6cfdd9,client_a88a7902cb,1,0.6872422348171001,562,Lower,Pending human review
content_2822d741de38,client_a88a7902cb,1,0.6871527439513248,563,Lower,Pending human review
content_f660482d27fb,client_f74efabef1,0,0.6869636535627301,564,Lower,Pending human review
content_1dd55101ffe6,client_f74efabef1,1,0.6865087820098719,565,Lower,Pending human review
content_238b38150344,client_624b60c58c,0,0.6856165965886731,566,Lower,Pending human review
content_aa4f4bf65bff,client_f74efabef1,1,0.684406920701702,567,Lower,Pending human review
content_d1ee0e870481,client_a88a7902cb,0,0.6841522710530368,568,Lower,Pending human review
content_99bac2d6ecaf,client_a88a7902cb,1,0.6833540353716235,569,Lower,Pending human review
content_d5376d13b874,client_f74efabef1,1,0.6830187735027202,570,Lower,Pending human review
content_ba9d44612626,client_f74efabef1,1,0.6827827568179055,571,Lower,Pending human review
content_823cf7740d5a,client_f74efabef1,1,0.6827107562481479,572,Lower,Pending human review
content_68ba3625b008,client_a88a7902cb,1,0.682527842384239,573,Lower,Pending human review
content_893b3113cf3a,client_a88a7902cb,1,0.6799859264475456,574,Lower,Pending human review
content_67d197d41acd,client_f74efabef1,1,0.6797660577285934,575,Lower,Pending human review
content_9a609a520cb7,client_a88a7902cb,1,0.6792809394049767,576,Lower,Pending human review
content_e3fb36f16bcc,client_f74efabef1,1,0.6787497862013444,577,Lower,Pending human review
content_c341970e5c79,client_a88a7902cb,1,0.6787079671516135,578,Lower,Pending human review
content_8708ecdacec2,client_a88a7902cb,1,0.6785709236874542,579,Lower,Pending human review
content_5f74e54d3356,client_f74efabef1,1,0.6776586362428463,580,Lower,Pending human review
content_eb747ddae632,client_a88a7902cb,1,0.6770695575330582,581,Lower,Pending human review
content_e6106c55030d,client_f74efabef1,1,0.6764440411306913,582,Lower,Pending human review
content_88498b2b64cf,client_a88a7902cb,1,0.6764373660543425,583,Lower,Pending human review
content_c6dc2549cdfa,client_a88a7902cb,1,0.6763066195225607,584,Lower,Pending human review
content_870430512868,client_a88a7902cb,1,0.6762886524019254,585,Lower,Pending human review
content_c404fd7eeb65,client_f74efabef1,1,0.6762562814906863,586,Lower,Pending human review
content_fa2064c9fa64,client_a88a7902cb,1,0.6755763420941153,587,Lower,Pending human review
content_3d772bf64454,client_f74efabef1,0,0.675430807479432,588,Lower,Pending human review
content_47116dd5a563,client_f74efabef1,1,0.6748788003402797,589,Lower,Pending human review
content_1ae0fd98c26e,client_a88a7902cb,1,0.6739021313392675,590,Lower,Pending human review
content_194974d641e8,client_f74efabef1,1,0.6734805644406675,591,Lower,Pending human review
content_3d8f6737ad9d,client_a88a7902cb,1,0.6729993481726206,592,Lower,Pending human review
content_0af5148b5aae,client_f74efabef1,0,0.6724618993620081,593,Lower,Pending human review
content_6562e08fe877,client_a88a7902cb,1,0.6716040470507203,594,Lower,Pending human review
content_6cf19db32b08,client_a88a7902cb,1,0.6712364873427573,595,Lower,Pending human review
content_a4fbcd53c151,client_a88a7902cb,1,0.6707014017185676,596,Lower,Pending human review
content_e419137aac22,client_a88a7902cb,1,0.670663252124828,597,Lower,Pending human review
content_9f4f95e238e8,client_a88a7902cb,1,0.6706312767181764,598,Lower,Pending human review
content_366b1339ab78,client_a88a7902cb,1,0.6704427803943224,599,Lower,Pending human review
content_beaca0c055ba,client_f74efabef1,1,0.6703774165790356,600,Lower,Pending human review
content_4db6aad3be8e,client_a88a7902cb,1,0.6703591086232924,601,Lower,Pending human review
content_838ce89e04f2,client_624b60c58c,1,0.6692285121194147,602,Lower,Pending human review
content_cd24ce1bf4aa,client_a88a7902cb,1,0.6690598013062696,603,Lower,Pending human review
content_66e1e7a2877a,client_f74efabef1,1,0.6685306839177612,604,Lower,Pending human review
content_7dbdac24c5ac,client_f74efabef1,1,0.668511241764828,605,Lower,Pending human review
content_19fecf42a04b,client_a88a7902cb,1,0.6681286617101903,606,Lower,Pending human review
content_5838521d1381,client_a88a7902cb,1,0.6678889283351971,607,Lower,Pending human review
content_5aef8fa09ea1,client_f74efabef1,1,0.6676289676221494,608,Lower,Pending human review
content_145726df78ed,client_f74efabef1,1,0.6674492827525983,609,Lower,Pending human review
content_f5ec074c2c01,client_f74efabef1,1,0.6670516592278658,610,Lower,Pending human review
content_0f6ac970c929,client_a88a7902cb,1,0.66684107192128,611,Lower,Pending human review
content_bb7c646ee316,client_f74efabef1,1,0.6656112776132385,612,Lower,Pending human review
content_021eb87e10c8,client_a88a7902cb,1,0.6647796787403008,613,Lower,Pending human review
content_7f0f0a3ac941,client_a88a7902cb,1,0.6647454162090243,614,Lower,Pending human review
content_06b328857217,client_a88a7902cb,1,0.6646316188681359,615,Lower,Pending human review
content_e7536b6d5d7b,client_a88a7902cb,0,0.6646247849568284,616,Lower,Pending human review
content_5ebae1ab7196,client_a88a7902cb,1,0.664621695496804,617,Lower,Pending human review
content_1e6c149e148c,client_f74efabef1,1,0.6646164553007768,618,Lower,Pending human review
content_575fd096bff5,client_f74efabef1,1,0.66454097341331,619,Lower,Pending human review
content_d18d0d27bcbd,client_f74efabef1,1,0.6644915172031335,620,Lower,Pending human review
content_e60192b8a0a9,client_624b60c58c,0,0.6637537237527118,621,Lower,Pending human review
content_e4af633f43f9,client_a88a7902cb,0,0.663624234158333,622,Lower,Pending human review
content_ca24fca02557,client_a88a7902cb,0,0.663279949055595,623,Lower,Pending human review
content_2d5e278a9b7e,client_a88a7902cb,1,0.6632631697907274,624,Lower,Pending human review
content_52b1c884e871,client_f74efabef1,1,0.6632077539024135,625,Lower,Pending human review
content_ca4274162b1d,client_a88a7902cb,1,0.6630428276998974,626,Lower,Pending human review
content_6ab860e922b5,client_a88a7902cb,0,0.6629281296405837,627,Lower,Pending human review
content_0d9a22c0a34e,client_f74efabef1,1,0.6628887499695701,628,Lower,Pending human review
content_c75e95f6be6d,client_a88a7902cb,0,0.6622523144867828,629,Lower,Pending human review
content_fa5cc6cbebdf,client_a88a7902cb,1,0.6621469481267228,630,Lower,Pending human review
content_caa8e4dab1ae,client_a88a7902cb,1,0.6619785115176516,631,Lower,Pending human review
content_9b0fa1fcea3e,client_f74efabef1,1,0.6619670008741662,632,Lower,Pending human review
content_ffab98747857,client_a88a7902cb,1,0.6616713599879761,633,Lower,Pending human review
content_37c0b8f3b873,client_f74efabef1,1,0.6615925477595678,634,Lower,Pending human review
content_7d287a695306,client_a88a7902cb,1,0.6609709516684283,635,Lower,Pending human review
content_0cf67ec37ab8,client_f74efabef1,1,0.6603658876639356,636,Lower,Pending human review
content_71bd6c21d4a5,client_a88a7902cb,1,0.6601896509617113,637,Lower,Pending human review
content_812515927bb9,client_a88a7902cb,1,0.6600735775115024,638,Lower,Pending human review
content_788bb3ed96ef,client_a88a7902cb,1,0.6600047080102442,639,Lower,Pending human review
content_b4d6838c86cf,client_f74efabef1,1,0.6599843742017163,640,Lower,Pending human review
content_1452e7edb0a5,client_f74efabef1,0,0.6589314063872937,641,Lower,Pending human review
content_dd869715ffd6,client_a88a7902cb,1,0.6581656092582999,642,Lower,Pending human review
content_69354c7ae95e,client_f74efabef1,1,0.6574174661411172,643,Lower,Pending human review
content_0ee79afe165c,client_a88a7902cb,1,0.6573638667460142,644,Lower,Pending human review
content_a3d8ee2f09c1,client_a88a7902cb,1,0.6569857618100066,645,Lower,Pending human review
content_621a256510f3,client_a88a7902cb,1,0.656954459187851,646,Lower,Pending human review
content_cd6bba37da95,client_a88a7902cb,1,0.656783173769846,647,Lower,Pending human review
content_37364ff68f21,client_a88a7902cb,1,0.6564427263113584,648,Lower,Pending human review
content_10400350fa95,client_f74efabef1,1,0.6563495305231751,649,Lower,Pending human review
content_5a10e3c2068b,client_f74efabef1,1,0.656174217504066,650,Lower,Pending human review
content_72178e51d7f7,client_f74efabef1,0,0.6559392001857329,651,Lower,Pending human review
content_49552e56107e,client_a88a7902cb,1,0.6547691923116656,652,Lower,Pending human review
content_71a9615cba52,client_a88a7902cb,1,0.6545874367696086,653,Lower,Pending human review
content_f6e55702f98d,client_a88a7902cb,0,0.6538158523418119,654,Lower,Pending human review
content_59fefa16334a,client_a88a7902cb,1,0.6536282973028801,655,Lower,Pending human review
content_f6ad3fe91858,client_a88a7902cb,1,0.653532371234077,656,Lower,Pending human review
content_9a4c045d2b40,client_f74efabef1,0,0.65339599110707,657,Lower,Pending human review
content_3cb170079138,client_a88a7902cb,1,0.6529341335654957,658,Lower,Pending human review
content_f374090d7a61,client_a88a7902cb,1,0.6527799835042524,659,Lower,Pending human review
content_30a5573b767e,client_a88a7902cb,1,0.6526844525625859,660,Lower,Pending human review
content_a3c75d2c28a2,client_a88a7902cb,1,0.6525856132449643,661,Lower,Pending human review
content_a3d4f1c0d33c,client_f74efabef1,1,0.6524178991022583,662,Lower,Pending human review
content_0c0476c0fc66,client_f74efabef1,0,0.6524119481436093,663,Lower,Pending human review
content_b30241ff6e7e,client_a88a7902cb,1,0.6519122541409247,664,Lower,Pending human review
content_b4bffff64a3d,client_a88a7902cb,1,0.6517636396342097,665,Lower,Pending human review
content_0f380346917a,client_a88a7902cb,1,0.6513662872149933,666,Lower,Pending human review
content_9954fbd73a02,client_a88a7902cb,1,0.6508925964195262,667,Lower,Pending human review
content_10d38f8ba956,client_a88a7902cb,1,0.6507877403692772,668,Lower,Pending human review
content_96da95476e63,client_f74efabef1,0,0.650588007656325,669,Lower,Pending human review
content_8679ea39fb73,client_f74efabef1,1,0.6503192670148484,670,Lower,Pending human review
content_6975a25ebe69,client_a88a7902cb,1,0.6496235200693449,671,Lower,Pending human review
content_4f004a31eee9,client_a88a7902cb,1,0.6491490627259917,672,Lower,Pending human review
content_e57eaa8f677f,client_a88a7902cb,1,0.6491118189527496,673,Lower,Pending human review
content_a6ed1508319e,client_a88a7902cb,1,0.6488729818041276,674,Lower,Pending human review
content_86b8b2a0900e,client_f74efabef1,1,0.6470086102160026,675,Lower,Pending human review
content_479be28bc25d,client_a88a7902cb,1,0.6467345313381097,676,Lower,Pending human review
content_fb8ed8721cda,client_a88a7902cb,1,0.645967346508986,677,Lower,Pending human review
content_f9cf67126e03,client_f74efabef1,1,0.6455264349250313,678,Lower,Pending human review
content_93ab93e2c41c,client_a88a7902cb,1,0.6452630531018712,679,Lower,Pending human review
content_e9f804c0d4ea,client_f74efabef1,1,0.6449713798476925,680,Lower,Pending human review
content_ba3bce65bef6,client_a88a7902cb,1,0.6442538380320251,681,Lower,Pending human review
content_0bcde79746f9,client_a88a7902cb,1,0.6436819374615299,682,Lower,Pending human review
content_8ef8de2be5c2,client_f74efabef1,1,0.6435968517875648,683,Lower,Pending human review
content_cffeba9c0fa8,client_f74efabef1,1,0.6434875802196918,684,Lower,Pending human review
content_d4897acca61c,client_f74efabef1,1,0.6428733812482403,685,Lower,Pending human review
content_17eac92944c0,client_624b60c58c,0,0.6424782112775804,686,Lower,Pending human review
content_5df13e9b6a49,client_a88a7902cb,1,0.6418339289844508,687,Lower,Pending human review
content_de3c2144942e,client_a88a7902cb,1,0.6415793295625576,688,Lower,Pending human review
content_6e792cf3ce56,client_f74efabef1,1,0.6415023824029394,689,Lower,Pending human review
content_2920835ec101,client_f74efabef1,0,0.6414041613915812,690,Lower,Pending human review
content_080489312982,client_a88a7902cb,1,0.6412205488371379,691,Lower,Pending human review
content_9b78399969c8,client_a88a7902cb,1,0.6410874529578187,692,Lower,Pending human review
content_63967b53e498,client_a88a7902cb,1,0.6405638230888547,693,Lower,Pending human review
content_fcfbcb5ad3f2,client_a88a7902cb,0,0.6405063884000052,694,Lower,Pending human review
content_71d1e0fc4339,client_f74efabef1,1,0.6403102581314453,695,Lower,Pending human review
content_070d27645460,client_a88a7902cb,1,0.6392115741069319,696,Lower,Pending human review
content_0a990b5199e2,client_a88a7902cb,0,0.6383415001770314,697,Lower,Pending human review
content_e113caf92b7c,client_a88a7902cb,1,0.6380408519253649,698,Lower,Pending human review
content_0db1f6448eed,client_a88a7902cb,1,0.6379519588013322,699,Lower,Pending human review
content_fcb376ef0f62,client_624b60c58c,1,0.6378122764648806,700,Lower,Pending human review
content_1dac649b5a29,client_a88a7902cb,1,0.6376047034377638,701,Lower,Pending human review
content_b05f622e6d16,client_a88a7902cb,0,0.6370013035008764,702,Lower,Pending human review
content_229bc3c5498c,client_f74efabef1,1,0.6366081457346449,703,Lower,Pending human review
content_25ebfb5aa399,client_f74efabef1,0,0.6365834495948853,704,Lower,Pending human review
content_918c0cad8215,client_a88a7902cb,1,0.6365465504933076,705,Lower,Pending human review
content_d7f2fe6d88f0,client_f74efabef1,1,0.6352219992609491,706,Lower,Pending human review
content_74635fef6230,client_624b60c58c,0,0.6350164304978377,707,Lower,Pending human review
content_197be545a64c,client_624b60c58c,1,0.6344717383212911,708,Lower,Pending human review
content_40f90a05c8c1,client_8b940be7fb,1,0.6342729467038845,709,Lower,Pending human review
content_06702fe891e8,client_a88a7902cb,1,0.6329916765809843,710,Lower,Pending human review
content_b84cdee2df18,client_a88a7902cb,1,0.6329906746740448,711,Lower,Pending human review
content_36c94c7ff438,client_a88a7902cb,1,0.632628150127669,712,Lower,Pending human review
content_d4c446c73cee,client_a88a7902cb,1,0.6323779917612671,713,Lower,Pending human review
content_35892dd8d9fc,client_f74efabef1,1,0.6323293028240812,714,Lower,Pending human review
content_0540422e318c,client_f74efabef1,1,0.6319439138188688,715,Lower,Pending human review
content_dc5769d82bab,client_f74efabef1,0,0.631938504065893,716,Lower,Pending human review
content_8510c093dd33,client_a88a7902cb,1,0.6316148896732041,717,Lower,Pending human review
content_97232fb7d9a8,client_a88a7902cb,1,0.6310908895165249,718,Lower,Pending human review
content_34fb6ab405ea,client_a88a7902cb,1,0.630812977128983,719,Lower,Pending human review
content_b7e5b7cf98e3,client_a88a7902cb,1,0.6308101844674294,720,Lower,Pending human review
content_e714fa35684a,client_a88a7902cb,1,0.6307858419375777,721,Lower,Pending human review
content_b3c4e5d6b1c5,client_f74efabef1,1,0.6305028479993694,722,Lower,Pending human review
content_df6b110a55c3,client_f74efabef1,1,0.6295698525699742,723,Lower,Pending human review
content_661d61ddc5a9,client_f74efabef1,1,0.6293368892148248,724,Lower,Pending human review
content_504ab09c399d,client_f74efabef1,0,0.6286276827790599,725,Lower,Pending human review
content_cbb18c725c2e,client_a88a7902cb,1,0.6286198581286113,726,Lower,Pending human review
content_ac93ace6d92e,client_f74efabef1,1,0.6284901064768413,727,Lower,Pending human review
content_8f8820a2ca83,client_a88a7902cb,1,0.6282301196370493,728,Lower,Pending human review
content_3d5c5db1d307,client_a88a7902cb,1,0.627470673448112,729,Lower,Pending human review
content_2d85143d2446,client_f74efabef1,0,0.6272129250995782,730,Lower,Pending human review
content_e50fa521e5ec,client_a88a7902cb,1,0.6270453295996254,731,Lower,Pending human review
content_115a5fc92151,client_a88a7902cb,1,0.6260613564111319,732,Lower,Pending human review
content_233b2ef980b6,client_f74efabef1,1,0.6255222340605274,733,Lower,Pending human review
content_c93fc6fc4881,client_a88a7902cb,1,0.6253980637144879,734,Lower,Pending human review
content_93c6c0ea5ee7,client_a88a7902cb,1,0.624998142009372,735,Lower,Pending human review
content_b6e5be93fa06,client_a88a7902cb,1,0.6247344307101036,736,Lower,Pending human review
content_2518309515e2,client_a88a7902cb,1,0.6244001454297851,737,Lower,Pending human review
content_61d6a8320260,client_a88a7902cb,1,0.6238351845933418,738,Lower,Pending human review
content_70160759a28c,client_a88a7902cb,1,0.6238327982801111,739,Lower,Pending human review
content_cbd37644723a,client_f74efabef1,0,0.6232155511355285,740,Lower,Pending human review
content_3581ac3a679a,client_a88a7902cb,1,0.6230335945881686,741,Lower,Pending human review
content_107c99370e74,client_f74efabef1,1,0.6227458521277738,742,Lower,Pending human review
content_59063d432dac,client_a88a7902cb,1,0.6222390639812452,743,Lower,Pending human review
content_77fad6753ab4,client_f74efabef1,0,0.6219848828731442,744,Lower,Pending human review
content_ad6d61956764,client_a88a7902cb,1,0.621855502091945,745,Lower,Pending human review
content_06a8cfd1d18f,client_f74efabef1,1,0.6217356366375353,746,Lower,Pending human review
content_b00c16983868,client_624b60c58c,0,0.6216802394476224,747,Lower,Pending human review
content_00f64dd4d04a,client_624b60c58c,0,0.6216003883449563,748,Lower,Pending human review
content_9284688e3982,client_f74efabef1,0,0.6214478065940174,749,Lower,Pending human review
content_e42ccbe61c15,client_f74efabef1,1,0.6211727262977517,750,Lower,Pending human review
content_f70f55284fdd,client_f74efabef1,1,0.6207876220911736,751,Lower,Pending human review
content_1de77537a9fd,client_f74efabef1,1,0.6205754656735618,752,Lower,Pending human review
content_f029bd4c6a6f,client_624b60c58c,0,0.6202342592042742,753,Lower,Pending human review
content_76fb2c0b90db,client_a88a7902cb,1,0.6198635932899678,754,Lower,Pending human review
content_a44700af797f,client_f74efabef1,0,0.6197739553341222,755,Lower,Pending human review
content_c4dc60b11342,client_a88a7902cb,1,0.6193689647215124,756,Lower,Pending human review
content_01acbf200d38,client_f74efabef1,1,0.6193542097842988,757,Lower,Pending human review
content_bf7bb877a547,client_a88a7902cb,1,0.6191173942323824,758,Lower,Pending human review
content_6a813f186643,client_a88a7902cb,1,0.6190850167335926,759,Lower,Pending human review
content_c27455f870d8,client_a88a7902cb,1,0.6190705273580196,760,Lower,Pending human review
content_d7ac1351376a,client_a88a7902cb,1,0.6188269205903362,761,Lower,Pending human review
content_6a9e1a1fa1ee,client_f74efabef1,0,0.6175947767143823,762,Lower,Pending human review
content_62c55530d3b3,client_f74efabef1,1,0.6175868534565585,763,Lower,Pending human review
content_804c63c473aa,client_f74efabef1,1,0.6173940457768138,764,Lower,Pending human review
content_a8ff0cbbec9f,client_f74efabef1,0,0.6173297503772522,765,Lower,Pending human review
content_25b253f349af,client_f74efabef1,0,0.6170837721663839,766,Lower,Pending human review
content_27a8625adefe,client_f74efabef1,1,0.6164985291416344,767,Lower,Pending human review
content_94ea751c5bcb,client_f74efabef1,0,0.6164785336653357,768,Lower,Pending human review
content_7736e6144f3b,client_624b60c58c,1,0.6159436069780112,769,Lower,Pending human review
content_6207744db7c8,client_a88a7902cb,1,0.6155895252182548,770,Lower,Pending human review
content_782d8c51ca68,client_a88a7902cb,1,0.6155801979004958,771,Lower,Pending human review
content_aa4b7fa6f155,client_a88a7902cb,0,0.6155110813450672,772,Lower,Pending human review
content_03ce14f95898,client_a88a7902cb,1,0.615256855877076,773,Lower,Pending human review
content_64e6fa80a9e0,client_f74efabef1,1,0.6151955996976664,774,Lower,Pending human review
content_5325df77c55e,client_f74efabef1,1,0.614806584303628,775,Lower,Pending human review
content_ea4417d89e2c,client_f74efabef1,0,0.6142952594909089,776,Lower,Pending human review
content_48dfbf8810fa,client_f74efabef1,1,0.6141767004309436,777,Lower,Pending human review
content_55905dd72564,client_a88a7902cb,1,0.6140424430268383,778,Lower,Pending human review
content_5b6c72929362,client_a88a7902cb,1,0.6140397128824416,779,Lower,Pending human review
content_44a0110afe12,client_a88a7902cb,1,0.6130507701867689,780,Lower,Pending human review
content_c937b32e7591,client_a88a7902cb,1,0.612634316836637,781,Lower,Pending human review
content_6c2562824731,client_a88a7902cb,1,0.6125879385818269,782,Lower,Pending human review
content_0fd3d4c8d1eb,client_a88a7902cb,1,0.6120342736661161,783,Lower,Pending human review
content_ad5f14f99724,client_a88a7902cb,1,0.6117221665490777,784,Lower,Pending human review
content_b91c147b6db7,client_f74efabef1,1,0.6113796675850379,785,Lower,Pending human review
content_0088fce5678a,client_f74efabef1,0,0.6111730063816248,786,Lower,Pending human review
content_1864131e6012,client_f74efabef1,1,0.6109978550774662,787,Lower,Pending human review
content_023bb4597a6a,client_f74efabef1,1,0.6105603155372902,788,Lower,Pending human review
content_55ef09732983,client_a88a7902cb,0,0.6104442171670237,789,Lower,Pending human review
content_3848705d330a,client_a88a7902cb,1,0.6101982399068847,790,Lower,Pending human review
content_eb092b8952d5,client_a88a7902cb,1,0.6098513900577411,791,Lower,Pending human review
content_320dc8303567,client_a88a7902cb,1,0.6097709859160235,792,Lower,Pending human review
content_566e39641310,client_a88a7902cb,1,0.60976271926475,793,Lower,Pending human review
content_26cd947799ca,client_f74efabef1,1,0.6091336008794664,794,Lower,Pending human review
content_62ef1f768dee,client_a88a7902cb,1,0.6090612300543541,795,Lower,Pending human review
content_f32075f27d8f,client_f74efabef1,0,0.6081588543452787,796,Lower,Pending human review
content_ff15f754e626,client_a88a7902cb,1,0.6079517843150163,797,Lower,Pending human review
content_a88e1d1a96f6,client_a88a7902cb,1,0.6077328848680941,798,Lower,Pending human review
content_8b18f48e0c1c,client_a88a7902cb,1,0.6076095713938566,799,Lower,Pending human review
content_a6f52008a40d,client_a88a7902cb,0,0.6067116954647176,800,Lower,Pending human review
content_87a2aecb693d,client_f74efabef1,1,0.6066503300561124,801,Lower,Pending human review
content_cf6d9a927672,client_a88a7902cb,1,0.6063316639515187,802,Lower,Pending human review
content_f564a51d4248,client_a88a7902cb,1,0.6062641514911772,803,Lower,Pending human review
content_7f42041bdebd,client_a88a7902cb,1,0.6060834620963129,804,Lower,Pending human review
content_aa286b15bf89,client_a88a7902cb,1,0.6060308600278808,805,Lower,Pending human review
content_e2b4df89c511,client_a88a7902cb,1,0.6054547294642895,806,Lower,Pending human review
content_636caeef327e,client_a88a7902cb,1,0.6048302828010945,807,Lower,Pending human review
content_007bfa9ab788,client_f74efabef1,1,0.6042834503969907,808,Lower,Pending human review
content_a3daec21040f,client_a88a7902cb,1,0.6040009968230827,809,Lower,Pending human review
content_dae93bad7f78,client_f74efabef1,1,0.6036489485712819,810,Lower,Pending human review
content_587483517a58,client_a88a7902cb,1,0.6029290502503167,811,Lower,Pending human review
content_5cc971742df4,client_a88a7902cb,1,0.6027027967115779,812,Lower,Pending human review
content_d63c63fb8ac2,client_f74efabef1,1,0.6024006354104464,813,Lower,Pending human review
content_fad36e8a32dd,client_f74efabef1,1,0.6021746775466786,814,Lower,Pending human review
content_8cdd2329bff6,client_a88a7902cb,1,0.6018141159999655,815,Lower,Pending human review
content_109650375ec0,client_a88a7902cb,1,0.6017260839108329,816,Lower,Pending human review
content_8cb2fba67489,client_a88a7902cb,0,0.6017220916908558,817,Lower,Pending human review
content_c043b3f733f7,client_a88a7902cb,0,0.6016657801963434,818,Lower,Pending human review
content_248508c1b413,client_a88a7902cb,1,0.6012953320739838,819,Lower,Pending human review
content_84d42f1eea4f,client_a88a7902cb,1,0.6009586997399886,820,Lower,Pending human review
content_9914b84765a0,client_a88a7902cb,1,0.6008086467617036,821,Lower,Pending human review
content_a5cee97480f6,client_f74efabef1,1,0.6007102125530502,822,Lower,Pending human review
content_92830d18ecf8,client_a88a7902cb,1,0.6005309505554147,823,Lower,Pending human review
content_bb4aac09bdf9,client_a88a7902cb,1,0.6003014757719072,824,Lower,Pending human review
content_c127dc7de3cd,client_a88a7902cb,1,0.5999997954420175,825,Lower,Pending human review
content_fd9cc26b66a8,client_f74efabef1,0,0.5994616701566273,826,Lower,Pending human review
content_602f886c306c,client_f74efabef1,1,0.5984449809907758,827,Lower,Pending human review
content_a6b8295b5d74,client_f74efabef1,1,0.5980888418607713,828,Lower,Pending human review
content_72d96c5dbde2,client_f74efabef1,1,0.5977547066304575,829,Lower,Pending human review
content_92ef883cfbdb,client_a88a7902cb,0,0.5976656143805442,830,Lower,Pending human review
content_902015a0f0b1,client_f74efabef1,1,0.5975334636765373,831,Lower,Pending human review
content_7d0d01e80d21,client_a88a7902cb,1,0.5974951322477902,832,Lower,Pending human review
content_dbec80b0fd2c,client_a88a7902cb,1,0.5974153626394946,833,Lower,Pending human review
content_24f8c25672ea,client_f74efabef1,0,0.5974111636137827,834,Lower,Pending human review
content_a49bc80a6eda,client_f74efabef1,0,0.5970228007354869,835,Lower,Pending human review
content_676a8f52ed36,client_a88a7902cb,1,0.5964541712076632,836,Lower,Pending human review
content_1bd6d7c73db9,client_f74efabef1,1,0.5961574768105098,837,Lower,Pending human review
content_79bf16aa1098,client_a88a7902cb,1,0.5957328443930697,838,Lower,Pending human review
content_ce8f1cc6fb16,client_a88a7902cb,1,0.5956229883344015,839,Lower,Pending human review
content_cbd390783272,client_f74efabef1,0,0.5954425866807556,840,Lower,Pending human review
content_f2027dbe40f1,client_f74efabef1,1,0.5946971064256629,841,Lower,Pending human review
content_75d69c558882,client_f74efabef1,1,0.5945947962603316,842,Lower,Pending human review
content_4f847f72091d,client_f74efabef1,1,0.5938772686616988,843,Lower,Pending human review
content_65c64ccf9458,client_f74efabef1,0,0.5935131834925061,844,Lower,Pending human review
content_d5442d6d1c0b,client_a88a7902cb,1,0.5927679107641857,845,Lower,Pending human review
content_22d5dee4c522,client_a88a7902cb,1,0.5924128083102258,846,Lower,Pending human review
content_3991fa5f0896,client_f74efabef1,0,0.5922373879323934,847,Lower,Pending human review
content_fd1aab483a37,client_f74efabef1,1,0.5910695211432961,848,Lower,Pending human review
content_8950a7be8eac,client_a88a7902cb,1,0.5910615705392592,849,Lower,Pending human review
content_d808716161fd,client_f74efabef1,1,0.5903204193265461,850,Lower,Pending human review
content_e1c3e5333550,client_a88a7902cb,1,0.5900959383666612,851,Lower,Pending human review
content_3b0913ebc79b,client_a88a7902cb,1,0.5897914901321784,852,Lower,Pending human review
content_27d0239489ed,client_a88a7902cb,1,0.5897663331112886,853,Lower,Pending human review
content_f44359bb76c4,client_a88a7902cb,1,0.5894947529549794,854,Lower,Pending human review
content_8fc4402b80c1,client_a88a7902cb,1,0.5887392056265811,855,Lower,Pending human review
content_f90902111df8,client_a88a7902cb,1,0.5881242366529004,856,Lower,Pending human review
content_b6a9a57c7acf,client_a88a7902cb,0,0.5872933371215939,857,Lower,Pending human review
content_78161c5ce932,client_a88a7902cb,1,0.5871909399941146,858,Lower,Pending human review
content_0c36eeb3af5b,client_f74efabef1,1,0.5869662365465851,859,Lower,Pending human review
content_051a66ed2cc2,client_f74efabef1,0,0.5868505711813783,860,Lower,Pending human review
content_27ac752b5fbc,client_f74efabef1,1,0.5847416746484589,861,Lower,Pending human review
content_36bcd657d001,client_624b60c58c,1,0.5843612804196889,862,Lower,Pending human review
content_0798cf6dd5a8,client_a88a7902cb,1,0.5842741003293869,863,Lower,Pending human review
content_5ab481166b26,client_f74efabef1,1,0.5839991126549104,864,Lower,Pending human review
content_94d6ccd9ea37,client_f74efabef1,1,0.5835486861852396,865,Lower,Pending human review
content_4433db877b6a,client_a88a7902cb,1,0.5827509767133131,866,Lower,Pending human review
content_295b27d217e8,client_f74efabef1,1,0.5827399727910139,867,Lower,Pending human review
content_04524ae5d764,client_f74efabef1,0,0.582212500748989,868,Lower,Pending human review
content_702ed6703413,client_a88a7902cb,1,0.5816816617911592,869,Lower,Pending human review
content_f5fcf3116968,client_f74efabef1,1,0.5815816306302999,870,Lower,Pending human review
content_fa6f061b5fb6,client_f74efabef1,0,0.5814653609918556,871,Lower,Pending human review
content_0167c1c25722,client_a88a7902cb,1,0.5810337339974653,872,Lower,Pending human review
content_b718b7feebd4,client_a88a7902cb,1,0.5805902252364346,873,Lower,Pending human review
content_ef9ea22581b7,client_a88a7902cb,1,0.5803753903682859,874,Lower,Pending human review
content_342092200258,client_a88a7902cb,0,0.579972576715888,875,Lower,Pending human review
content_371627f6f29f,client_f74efabef1,0,0.5795295531375061,876,Lower,Pending human review
content_2ba6e0e2f7c9,client_f74efabef1,1,0.5786525196728305,877,Lower,Pending human review
content_67f2eacbb83b,client_f74efabef1,1,0.5785969326751657,878,Lower,Pending human review
content_462f832e7580,client_f74efabef1,1,0.5785795499386941,879,Lower,Pending human review
content_970acad20597,client_f74efabef1,1,0.5782740025732942,880,Lower,Pending human review
content_f740a7999158,client_a88a7902cb,1,0.5780805466569562,881,Lower,Pending human review
content_8f03b7d781de,client_a88a7902cb,0,0.5780412380812092,882,Lower,Pending human review
content_aeb73ce6aa35,client_a88a7902cb,0,0.5775278795877555,883,Lower,Pending human review
content_ec9d0288e4e1,client_a88a7902cb,1,0.5771641214296763,884,Lower,Pending human review
content_a0135bf0c008,client_a88a7902cb,1,0.5767381459225355,885,Lower,Pending human review
content_1957f57546c2,client_a88a7902cb,0,0.5758850508483747,886,Lower,Pending human review
content_2d257b18ada7,client_a88a7902cb,1,0.5752913709159596,887,Lower,Pending human review
content_2f42c2c2c235,client_f74efabef1,1,0.5751240802721467,888,Lower,Pending human review
content_e8183e4879ca,client_a88a7902cb,0,0.574482848379659,889,Lower,Pending human review
content_b08ed2a0caa4,client_f74efabef1,1,0.5741489500297239,890,Lower,Pending human review
content_fa7a1c6a422e,client_a88a7902cb,1,0.5735139999942469,891,Lower,Pending human review
content_d071defb4637,client_a88a7902cb,0,0.5734530017501067,892,Lower,Pending human review
content_6bc2ec5f6061,client_a88a7902cb,1,0.5732321911540611,893,Lower,Pending human review
content_1a4f1c4e1288,client_a88a7902cb,1,0.5727855950269897,894,Lower,Pending human review
content_0d1801293778,client_624b60c58c,1,0.5726348809977884,895,Lower,Pending human review
content_f995baf25a62,client_f74efabef1,0,0.5719328582956069,896,Lower,Pending human review
content_928d39b04604,client_a88a7902cb,0,0.5714682650894464,897,Lower,Pending human review
content_a1e415b7aacb,client_a88a7902cb,1,0.5712408063882475,898,Lower,Pending human review
content_bab145f8362b,client_a88a7902cb,1,0.5711807805892178,899,Lower,Pending human review
content_828c40eb3ea2,client_a88a7902cb,1,0.570869377148464,900,Lower,Pending human review
content_f896b2d39dd7,client_f74efabef1,1,0.5707530161185902,901,Lower,Pending human review
content_fb4a6b2c4527,client_a88a7902cb,1,0.5702100256370376,902,Lower,Pending human review
content_f9d916bb5d86,client_a88a7902cb,1,0.5700242143515614,903,Lower,Pending human review
content_86ebba01f120,client_a88a7902cb,1,0.5695384303279596,904,Lower,Pending human review
content_9f38f7dce14c,client_f74efabef1,0,0.5694705064617422,905,Lower,Pending human review
content_ef5bb1b83326,client_a88a7902cb,1,0.5687320050651351,906,Lower,Pending human review
content_e55b8ab078b0,client_f74efabef1,0,0.5686555453897673,907,Lower,Pending human review
content_8046c4dc390d,client_a88a7902cb,1,0.5686338481065579,908,Lower,Pending human review
content_ad10910fb6f7,client_a88a7902cb,0,0.5685493332794591,909,Lower,Pending human review
content_f9fcb996c37f,client_f74efabef1,1,0.5684065817595442,910,Lower,Pending human review
content_74d516239032,client_624b60c58c,0,0.5683841784259296,911,Lower,Pending human review
content_07f252cb6741,client_a88a7902cb,1,0.5680885376398666,912,Lower,Pending human review
content_35359c1bcefd,client_f74efabef1,1,0.5677734798959073,913,Lower,Pending human review
content_21a5533f95e1,client_a88a7902cb,1,0.5676738371340738,914,Lower,Pending human review
content_b4feca62598e,client_f74efabef1,0,0.5672374654728404,915,Lower,Pending human review
content_3949be886fa2,client_f74efabef1,1,0.5670143884451365,916,Lower,Pending human review
content_5c23d1b0db77,client_a88a7902cb,1,0.5660647813328304,917,Lower,Pending human review
content_0dbb45b8bb50,client_624b60c58c,0,0.5652488720046579,918,Lower,Pending human review
content_0588aab4d508,client_f74efabef1,1,0.565240266564517,919,Lower,Pending human review
content_2e3ed6c31e81,client_f74efabef1,1,0.5648096940608326,920,Lower,Pending human review
content_127f793ccb18,client_f74efabef1,0,0.5644813245670433,921,Lower,Pending human review
content_2ab8d95904e9,client_a88a7902cb,1,0.564110860659699,922,Lower,Pending human review
content_be2671cb23ff,client_a88a7902cb,0,0.5635481817870004,923,Lower,Pending human review
content_01d9cdd8ae5c,client_f74efabef1,1,0.5634683119460959,924,Lower,Pending human review
content_0db9844c8140,client_f74efabef1,1,0.5627590070262622,925,Lower,Pending human review
content_fbeef1018ecf,client_a88a7902cb,0,0.5625970517624413,926,Lower,Pending human review
content_0e9a58869172,client_a88a7902cb,0,0.5620020805700777,927,Lower,Pending human review
content_c99dc15ae5b9,client_a88a7902cb,1,0.5615411747448558,928,Lower,Pending human review
content_a68b5ba3fbef,client_f74efabef1,1,0.5610169507058002,929,Lower,Pending human review
content_dafc478c3257,client_a88a7902cb,1,0.5610075349747639,930,Lower,Pending human review
content_38750ba23214,client_f74efabef1,0,0.5609055575588762,931,Lower,Pending human review
content_08b7c93d6b27,client_a88a7902cb,1,0.5608265191180556,932,Lower,Pending human review
content_1ab06d9164b0,client_a88a7902cb,1,0.5605818978359981,933,Lower,Pending human review
content_dcbd73edc1a5,client_f74efabef1,1,0.5603354334003865,934,Lower,Pending human review
content_38bf1483189e,client_a88a7902cb,1,0.5600885774997049,935,Lower,Pending human review
content_115ca955ea1a,client_f74efabef1,1,0.5600761479046765,936,Lower,Pending human review
content_bec9dd358883,client_f74efabef1,0,0.5590246096565339,937,Lower,Pending human review
content_8fa5a8d877bc,client_f74efabef1,1,0.558307002194668,938,Lower,Pending human review
content_7bfeea5c4f54,client_a88a7902cb,0,0.5582537806607759,939,Lower,Pending human review
content_70500a23ce99,client_a88a7902cb,0,0.5579162429517917,940,Lower,Pending human review
content_8dd0db6e74a8,client_a88a7902cb,1,0.5577875898888416,941,Lower,Pending human review
content_35d59ac005b7,client_a88a7902cb,1,0.5576101019197388,942,Lower,Pending human review
content_48bd817367a8,client_a88a7902cb,1,0.556905316326958,943,Lower,Pending human review
content_1e43b617818f,client_a88a7902cb,1,0.5568293111110348,944,Lower,Pending human review
content_9b3e9a3054b6,client_f74efabef1,1,0.5557083013876565,945,Lower,Pending human review
content_06bfa02d43e8,client_a88a7902cb,0,0.5556598931669611,946,Lower,Pending human review
content_e31adbbfcf99,client_a88a7902cb,1,0.5552763593648705,947,Lower,Pending human review
content_660c6aba2a25,client_624b60c58c,1,0.5551229467557671,948,Lower,Pending human review
content_7ba9813c1beb,client_a88a7902cb,1,0.5547975168241567,949,Lower,Pending human review
content_44ce95596405,client_a88a7902cb,1,0.5543662477605769,950,Lower,Pending human review
content_0dad527d9d7f,client_f74efabef1,1,0.554269811750757,951,Lower,Pending human review
content_fb038de51851,client_a88a7902cb,0,0.5542484879269914,952,Lower,Pending human review
content_6f0d8d8c0db9,client_f74efabef1,0,0.5541624035423104,953,Lower,Pending human review
content_ffcf51e2a24c,client_f74efabef1,1,0.5539896726868468,954,Lower,Pending human review
content_b225757aa17b,client_a88a7902cb,1,0.5539270397175574,955,Lower,Pending human review
content_d7550e518155,client_a88a7902cb,1,0.5535776419525349,956,Lower,Pending human review
content_fa225e2a7a7a,client_a88a7902cb,1,0.5529530262648623,957,Lower,Pending human review
content_7893f744fdaa,client_f74efabef1,1,0.5528299537537525,958,Lower,Pending human review
content_295fd081dda2,client_a88a7902cb,1,0.5524551002527367,959,Lower,Pending human review
content_6759530e051d,client_a88a7902cb,1,0.5524093974754731,960,Lower,Pending human review
content_0af426466565,client_f74efabef1,1,0.5520116147603442,961,Lower,Pending human review
content_16a888bef8eb,client_a88a7902cb,1,0.5519700509373089,962,Lower,Pending human review
content_f91533dcfe3f,client_a88a7902cb,1,0.5517090066880116,963,Lower,Pending human review
content_765233659392,client_a88a7902cb,1,0.5512716053618675,964,Lower,Pending human review
content_3552f9bd9e23,client_a88a7902cb,0,0.551248240647498,965,Lower,Pending human review
content_074d31256e9f,client_a88a7902cb,1,0.5508947324905182,966,Lower,Pending human review
content_b19165f1fd83,client_a88a7902cb,1,0.5502532209088513,967,Lower,Pending human review
content_08c48b742aec,client_a88a7902cb,0,0.5499152996236907,968,Lower,Pending human review
content_f5ad56057952,client_f74efabef1,1,0.5496094578709168,969,Lower,Pending human review
content_16d051a17752,client_a88a7902cb,1,0.5495355661447842,970,Lower,Pending human review
content_1e4265566d77,client_a88a7902cb,1,0.5495277409857852,971,Lower,Pending human review
content_1451d55fa92a,client_a88a7902cb,1,0.5490318003098357,972,Lower,Pending human review
content_07da5ce083aa,client_f74efabef1,0,0.5483539506461182,973,Lower,Pending human review
content_0811dcf5652a,client_a88a7902cb,1,0.5483214823164151,974,Lower,Pending human review
content_f45c615054aa,client_f74efabef1,1,0.5479418852058516,975,Lower,Pending human review
content_0a90dfb2229d,client_a88a7902cb,1,0.5473022800264624,976,Lower,Pending human review
content_39c243214922,client_a88a7902cb,1,0.546990885862505,977,Lower,Pending human review
content_88a22491fe70,client_a88a7902cb,1,0.5466543263410469,978,Lower,Pending human review
content_1e85b23d4cd0,client_a88a7902cb,1,0.5458426989435885,979,Lower,Pending human review
content_3dad8d32a4bc,client_624b60c58c,1,0.5454010392009785,980,Lower,Pending human review
content_334fe63310ff,client_a88a7902cb,1,0.5447418604157278,981,Lower,Pending human review
content_9cf5fa72fe44,client_a88a7902cb,1,0.5443565174807795,982,Lower,Pending human review
content_28b75a12b4d8,client_a88a7902cb,1,0.5443007100846757,983,Lower,Pending human review
content_f77db8686769,client_a88a7902cb,1,0.5441883817800925,984,Lower,Pending human review
content_ec67429e4c4f,client_f74efabef1,1,0.54403005577036,985,Lower,Pending human review
content_c6d43639a0c4,client_f74efabef1,0,0.5435139175632132,986,Lower,Pending human review
content_33fefdd5a92c,client_f74efabef1,0,0.5430375394970893,987,Lower,Pending human review
content_bc24296f15d3,client_a88a7902cb,1,0.5427940373944663,988,Lower,Pending human review
content_b9b500d15fcb,client_f74efabef1,1,0.5426474266235969,989,Lower,Pending human review
content_ef7fce0f32a5,client_624b60c58c,0,0.5425400553964903,990,Lower,Pending human review
content_cb6def8a18a2,client_624b60c58c,0,0.5423166184698501,991,Lower,Pending human review
content_afb6250ef84b,client_a88a7902cb,0,0.5421975073963152,992,Lower,Pending human review
content_611d55167bba,client_a88a7902cb,1,0.5420146769800486,993,Lower,Pending human review
content_1b0ca9b3ad4e,client_a88a7902cb,1,0.5419469626129434,994,Lower,Pending human review
content_004341cd525e,client_f74efabef1,0,0.5415707320009526,995,Lower,Pending human review
content_d98a2e95bd30,client_f74efabef1,1,0.5412100274956274,996,Lower,Pending human review
content_6d918f9b23e1,client_a88a7902cb,0,0.5411717903517903,997,Lower,Pending human review
content_72ccc5cbbba2,client_a88a7902cb,0,0.5409894083393672,998,Lower,Pending human review
content_74d314cab84b,client_a88a7902cb,1,0.5409655776799817,999,Lower,Pending human review
content_404705d07cdf,client_a88a7902cb,1,0.5408101745110551,1000,Lower,Pending human review
content_72d1bdd6d4ee,client_f74efabef1,0,0.5404460433244483,1001,Lower,Pending human review
content_140c1616f695,client_f74efabef1,1,0.5401935909756095,1002,Lower,Pending human review
content_cd13623f4aca,client_a88a7902cb,1,0.5401686698170701,1003,Lower,Pending human review
content_165c842102c8,client_a88a7902cb,1,0.5400433404519716,1004,Lower,Pending human review
content_3d8cf5f7bfe2,client_f74efabef1,0,0.539970764931665,1005,Lower,Pending human review
content_a97796e0e60d,client_624b60c58c,1,0.5398132297611439,1006,Lower,Pending human review
content_cf986cb46db2,client_f74efabef1,1,0.5390800840403389,1007,Lower,Pending human review
content_3b4d5b7e97a8,client_f74efabef1,1,0.5386360416354938,1008,Lower,Pending human review
content_e6b70888f5dd,client_a88a7902cb,0,0.5384193854662505,1009,Lower,Pending human review
content_9d931e9a2b19,client_f74efabef1,0,0.5384077449283827,1010,Lower,Pending human review
content_4ad6d5d08401,client_a88a7902cb,0,0.5378335009306856,1011,Lower,Pending human review
content_d6d4a7c442e6,client_f74efabef1,1,0.5371847603760678,1012,Lower,Pending human review
content_b1e626b00837,client_a88a7902cb,1,0.5371688314792528,1013,Lower,Pending human review
content_76e3bdbef3e6,client_f74efabef1,1,0.5366180615561013,1014,Lower,Pending human review
content_803be824e6b4,client_a88a7902cb,1,0.5365418573668126,1015,Lower,Pending human review
content_fc2649b9bd11,client_f74efabef1,1,0.536466813236203,1016,Lower,Pending human review
content_9a31808971cf,client_f74efabef1,1,0.5360832023386513,1017,Lower,Pending human review
content_dba1a6207256,client_a88a7902cb,0,0.5360823587481359,1018,Lower,Pending human review
content_53d8b5f331f2,client_a88a7902cb,1,0.5359360242979184,1019,Lower,Pending human review
content_378088a26967,client_a88a7902cb,1,0.5354432912132725,1020,Lower,Pending human review
content_f948dd580e2a,client_a88a7902cb,1,0.5348291503062771,1021,Lower,Pending human review
content_4bcfcfcaa964,client_a88a7902cb,1,0.5347814306402988,1022,Lower,Pending human review
content_f0506467dea6,client_a88a7902cb,0,0.5344604067307778,1023,Lower,Pending human review
content_195179e75f85,client_a88a7902cb,1,0.5337924154225633,1024,Lower,Pending human review
content_b79a2cb00c16,client_624b60c58c,0,0.5335289538273109,1025,Lower,Pending human review
content_f643d74d9ca7,client_a88a7902cb,1,0.5334996585263763,1026,Lower,Pending human review
content_a01c956972fc,client_a88a7902cb,0,0.533044078281242,1027,Lower,Pending human review
content_09f744fb9707,client_a88a7902cb,0,0.532925190559018,1028,Lower,Pending human review
content_df34036c8115,client_a88a7902cb,1,0.5322507364552882,1029,Lower,Pending human review
content_08659ba3886b,client_a88a7902cb,1,0.5319355109286144,1030,Lower,Pending human review
content_36d91a846ccf,client_f74efabef1,1,0.5318227875252215,1031,Lower,Pending human review
content_266228f14516,client_a88a7902cb,0,0.5315715436343112,1032,Lower,Pending human review
content_5c3ca47d6f1d,client_a88a7902cb,1,0.5313365160171399,1033,Lower,Pending human review
content_bf74af5baf71,client_a88a7902cb,1,0.5310852844094501,1034,Lower,Pending human review
content_6d0eb18ccc93,client_a88a7902cb,0,0.5309375454494707,1035,Lower,Pending human review
content_18473a06958a,client_f74efabef1,1,0.5308296361712374,1036,Lower,Pending human review
content_8456c8906504,client_f74efabef1,1,0.5307993418227407,1037,Lower,Pending human review
content_ed5048ac754e,client_a88a7902cb,0,0.5306531777646588,1038,Lower,Pending human review
content_4643d5f815c9,client_a88a7902cb,1,0.530496106721084,1039,Lower,Pending human review
content_ee7bc6d3a5d9,client_f74efabef1,1,0.5304811705629047,1040,Lower,Pending human review
content_e6621733a0f3,client_a88a7902cb,1,0.5304087179403024,1041,Lower,Pending human review
content_cd8f50652fbf,client_a88a7902cb,1,0.5297603188186879,1042,Lower,Pending human review
content_4710d19fe639,client_a88a7902cb,1,0.5295432963339662,1043,Lower,Pending human review
content_742e33f95714,client_f74efabef1,1,0.5293307999121462,1044,Lower,Pending human review
content_c45cfeccc78a,client_f74efabef1,1,0.5280269905026934,1045,Lower,Pending human review
content_b56176a5f418,client_a88a7902cb,1,0.5280073287744179,1046,Lower,Pending human review
content_cae64c40df00,client_a88a7902cb,1,0.52791663315809,1047,Lower,Pending human review
content_f1b39caa81a0,client_a88a7902cb,1,0.5276144507939605,1048,Lower,Pending human review
content_773fd5540a4a,client_a88a7902cb,0,0.5276022585253538,1049,Lower,Pending human review
content_49edfce95997,client_a88a7902cb,0,0.5275141706176377,1050,Lower,Pending human review
content_076f03418009,client_a88a7902cb,0,0.527372825738929,1051,Lower,Pending human review
content_95c9807871b9,client_a88a7902cb,0,0.5271284113439969,1052,Lower,Pending human review
content_a88076acac81,client_f74efabef1,1,0.5268493839257384,1053,Lower,Pending human review
content_d2e224591dcc,client_a88a7902cb,1,0.5252687726149577,1054,Lower,Pending human review
content_ee8ea966d150,client_a88a7902cb,1,0.5248584863214221,1055,Lower,Pending human review
content_63e183b88cbf,client_a88a7902cb,1,0.5248059932113377,1056,Lower,Pending human review
content_bd95905f2ff3,client_a88a7902cb,0,0.5246547782980597,1057,Lower,Pending human review
content_529bde510faf,client_f74efabef1,1,0.5245386611713824,1058,Lower,Pending human review
content_20492114fbd2,client_a88a7902cb,0,0.5245284395348923,1059,Lower,Pending human review
content_617ef5ca22a5,client_a88a7902cb,1,0.5244396013379816,1060,Lower,Pending human review
content_d06015ed1450,client_f74efabef1,1,0.5242977161829512,1061,Lower,Pending human review
content_3223b1640f5a,client_a88a7902cb,1,0.5242947742642788,1062,Lower,Pending human review
content_ea909ac4580c,client_f74efabef1,1,0.5239040206799077,1063,Lower,Pending human review
content_56de85247382,client_a88a7902cb,1,0.5236522153630881,1064,Lower,Pending human review
content_cea15cd277ea,client_a88a7902cb,1,0.5236293358645479,1065,Lower,Pending human review
content_3e10944fc0be,client_a88a7902cb,0,0.5234543817619961,1066,Lower,Pending human review
content_7041b0aca0db,client_a88a7902cb,0,0.5225836466210895,1067,Lower,Pending human review
content_66d61b265ad9,client_a88a7902cb,1,0.5224377458390146,1068,Lower,Pending human review
content_2aef839025fd,client_a88a7902cb,0,0.5221846675165329,1069,Lower,Pending human review
content_58d937dfef59,client_a88a7902cb,1,0.5220521903578605,1070,Lower,Pending human review
content_645ee2278e24,client_a88a7902cb,0,0.5218476221808399,1071,Lower,Pending human review
content_b7537baef08f,client_a88a7902cb,0,0.5208200725521206,1072,Lower,Pending human review
content_aa1ef81c4f09,client_a88a7902cb,0,0.5206772478336866,1073,Lower,Pending human review
content_7a93f748543a,client_a88a7902cb,1,0.520580007698411,1074,Lower,Pending human review
content_117e94decfb9,client_f74efabef1,0,0.5200433124767626,1075,Lower,Pending human review
content_e68a952408c6,client_a88a7902cb,1,0.5198698942456185,1076,Lower,Pending human review
content_60af78a13fce,client_a88a7902cb,1,0.5198399830173637,1077,Lower,Pending human review
content_11e822508b23,client_a88a7902cb,0,0.519376330772682,1078,Lower,Pending human review
content_8792633a7d42,client_a88a7902cb,1,0.519258059691607,1079,Lower,Pending human review
content_383fe8cbb297,client_a88a7902cb,1,0.5181251039896777,1080,Lower,Pending human review
content_af27337de38a,client_a88a7902cb,0,0.5180495487549205,1081,Lower,Pending human review
content_6b85763742a3,client_f74efabef1,0,0.5179183530557155,1082,Lower,Pending human review
content_7af1503942ac,client_f74efabef1,0,0.5179072710127454,1083,Lower,Pending human review
content_cfa62c0036fa,client_a88a7902cb,0,0.5174717236144656,1084,Lower,Pending human review
content_3d346face7ad,client_a88a7902cb,0,0.517237052988508,1085,Lower,Pending human review
content_b16db747e2b3,client_a88a7902cb,1,0.51690177592869,1086,Lower,Pending human review
content_47245730a85b,client_a88a7902cb,1,0.5166652173884643,1087,Lower,Pending human review
content_ec18f2963a55,client_a88a7902cb,0,0.5164386171804431,1088,Lower,Pending human review
content_0def1aab431f,client_f74efabef1,0,0.5163131592724974,1089,Lower,Pending human review
content_26067f062da9,client_a88a7902cb,1,0.5158528039110862,1090,Lower,Pending human review
content_8f2d3500a3df,client_a88a7902cb,0,0.5157527009004843,1091,Lower,Pending human review
content_cbb0d26ef760,client_a88a7902cb,1,0.5156569628981753,1092,Lower,Pending human review
content_d509155c2299,client_a88a7902cb,0,0.515650298196989,1093,Lower,Pending human review
content_396b6ec93a96,client_a88a7902cb,1,0.5154383566971629,1094,Lower,Pending human review
content_267652e69b7b,client_a88a7902cb,1,0.5153397695397604,1095,Lower,Pending human review
content_8611512728e3,client_f74efabef1,1,0.5153363341551909,1096,Lower,Pending human review
content_9fedae0094b1,client_a88a7902cb,0,0.5152862649505238,1097,Lower,Pending human review
content_0adf96ff24ae,client_a88a7902cb,0,0.5144499672923865,1098,Lower,Pending human review
content_3e5df6b9e532,client_a88a7902cb,1,0.5140118918686809,1099,Lower,Pending human review
content_9256aec46ce9,client_a88a7902cb,0,0.5131877731769089,1100,Lower,Pending human review
content_93e87f46c154,client_a88a7902cb,0,0.5131367444586947,1101,Lower,Pending human review
content_ca7d6057b1b5,client_a88a7902cb,1,0.5130091369804766,1102,Lower,Pending human review
content_52918fec2cf5,client_f74efabef1,1,0.5129860425597077,1103,Lower,Pending human review
content_7c8c9b6e29d6,client_f74efabef1,1,0.5126834529046055,1104,Lower,Pending human review
content_ed639dd3ca94,client_a88a7902cb,0,0.5119205136811029,1105,Lower,Pending human review
content_de990c095f84,client_a88a7902cb,1,0.5118923405859597,1106,Lower,Pending human review
content_172731960b5b,client_a88a7902cb,0,0.5117235269413684,1107,Lower,Pending human review
content_4b7361d4ce28,client_a88a7902cb,0,0.5115093479740986,1108,Lower,Pending human review
content_02b4b006d24f,client_a88a7902cb,0,0.5113829754491555,1109,Lower,Pending human review
content_5d33ef77eb0f,client_a88a7902cb,1,0.5113633398753323,1110,Lower,Pending human review
content_e0a3084dde3a,client_a88a7902cb,0,0.5112343850232617,1111,Lower,Pending human review
content_f0e6af7b1abe,client_f74efabef1,0,0.5109644363660489,1112,Lower,Pending human review
content_64a105c12bc4,client_a88a7902cb,0,0.5107805371215711,1113,Lower,Pending human review
content_953d898ae448,client_a88a7902cb,0,0.5105641297639409,1114,Lower,Pending human review
content_e78c5bcf2282,client_a88a7902cb,1,0.5099930864971141,1115,Lower,Pending human review
content_d7cd55dea909,client_a88a7902cb,1,0.5099052995035561,1116,Lower,Pending human review
content_1df45ca5a295,client_f74efabef1,1,0.5096522696576689,1117,Lower,Pending human review
content_88fd527f4e88,client_a88a7902cb,0,0.5096338331425591,1118,Lower,Pending human review
content_8bd3d5d0595b,client_f74efabef1,0,0.5093524150986249,1119,Lower,Pending human review
content_6b7d8f1f80c3,client_a88a7902cb,0,0.5091613967842555,1120,Lower,Pending human review
content_fec1333070be,client_f74efabef1,0,0.5090073918293151,1121,Lower,Pending human review
content_6f173efec5b3,client_a88a7902cb,1,0.5083595785060354,1122,Lower,Pending human review
content_9ebbba39ffaa,client_a88a7902cb,0,0.5078931150673649,1123,Lower,Pending human review
content_031c9341ab94,client_a88a7902cb,0,0.5078561562541124,1124,Lower,Pending human review
content_0058a0601323,client_a88a7902cb,0,0.5075715163772767,1125,Lower,Pending human review
content_5b12ec2ab0fe,client_a88a7902cb,0,0.5071413491635325,1126,Lower,Pending human review
content_ce17b2af6bde,client_a88a7902cb,1,0.5068819871370743,1127,Lower,Pending human review
content_8a8f6116e581,client_a88a7902cb,1,0.5068548250573516,1128,Lower,Pending human review
content_a2da35902052,client_a88a7902cb,1,0.5066720702233576,1129,Lower,Pending human review
content_e0e5e4f95b57,client_a88a7902cb,0,0.5065132127374713,1130,Lower,Pending human review
content_df5f16e4ed55,client_a88a7902cb,0,0.5063322925574355,1131,Lower,Pending human review
content_f0743f3381cd,client_a88a7902cb,0,0.5059897145209676,1132,Lower,Pending human review
content_fbfcb878c466,client_a88a7902cb,0,0.505989632991879,1133,Lower,Pending human review
content_d1b527dbbca3,client_a88a7902cb,0,0.5048033175429582,1134,Lower,Pending human review
content_158c6da1bc6b,client_a88a7902cb,1,0.5047138023986927,1135,Lower,Pending human review
content_bf3a31925c03,client_a88a7902cb,0,0.5045718616993831,1136,Lower,Pending human review
content_7798d98b54c6,client_a88a7902cb,1,0.5044855131888943,1137,Lower,Pending human review
content_9993dfefa418,client_a88a7902cb,1,0.5042769112002421,1138,Lower,Pending human review
content_016aefd701d6,client_f74efabef1,1,0.5040268246032261,1139,Lower,Pending human review
content_5cc3695a25ae,client_a88a7902cb,1,0.5032911896529215,1140,Lower,Pending human review
content_d4f399323c0d,client_f74efabef1,1,0.5032700288025097,1141,Lower,Pending human review
content_ba87440a1f3c,client_a88a7902cb,1,0.5032437514124529,1142,Lower,Pending human review
content_88f65c31cc93,client_a88a7902cb,0,0.5030783911705345,1143,Lower,Pending human review
content_b5f14869b57a,client_a88a7902cb,0,0.502924641286677,1144,Lower,Pending human review
content_c0b3b7319635,client_a88a7902cb,1,0.5029194189191859,1145,Lower,Pending human review
content_7fe793f50549,client_a88a7902cb,0,0.5025878772125822,1146,Lower,Pending human review
content_57adfe752365,client_f74efabef1,0,0.502539309385039,1147,Lower,Pending human review
content_1afb07570aa0,client_a88a7902cb,1,0.5025280233659611,1148,Lower,Pending human review
content_982df7d3ab84,client_f74efabef1,1,0.5024920956626334,1149,Lower,Pending human review
content_e71b33e59976,client_a88a7902cb,1,0.5023944231367894,1150,Lower,Pending human review
content_d1cb92716d2e,client_a88a7902cb,0,0.5023514803210806,1151,Lower,Pending human review
content_4bca9767e11c,client_a88a7902cb,1,0.5020887184516527,1152,Lower,Pending human review
content_5d3020079067,client_a88a7902cb,0,0.501524908008949,1153,Lower,Pending human review
content_09c9163d96dc,client_f74efabef1,1,0.5012063211110587,1154,Lower,Pending human review
content_050b206b14fc,client_f74efabef1,1,0.5009732483947692,1155,Lower,Pending human review
content_0e128822b069,client_a88a7902cb,1,0.5008673573476085,1156,Lower,Pending human review
content_fe2189aeb558,client_a88a7902cb,0,0.5001892359349714,1157,Lower,Pending human review
content_1d29c837f4f7,client_f74efabef1,1,0.500181388556697,1158,Lower,Pending human review
content_d61bf94dfdfb,client_f74efabef1,1,0.4999213362010563,1159,Lower,Pending human review
content_021e1022ad51,client_a88a7902cb,0,0.49991403177331944,1160,Lower,Pending human review
content_5a7d5e641b48,client_a88a7902cb,0,0.49955190584465364,1161,Lower,Pending human review
content_7f2ab429d7b6,client_a88a7902cb,1,0.4993909603254259,1162,Lower,Pending human review
content_f3d8d4376d47,client_a88a7902cb,1,0.4992140589712196,1163,Lower,Pending human review
content_e70f94cfcccf,client_a88a7902cb,1,0.4988953320743414,1164,Lower,Pending human review
content_281b37ebeb3d,client_a88a7902cb,1,0.49887679509269955,1165,Lower,Pending human review
content_0e9f1dc33e0a,client_f74efabef1,0,0.49885991996673534,1166,Lower,Pending human review
content_fa1e6b031b75,client_a88a7902cb,0,0.49884898454780013,1167,Lower,Pending human review
content_4a5f872bdb1a,client_f74efabef1,0,0.49865883317157317,1168,Lower,Pending human review
content_095aa3c06ecc,client_a88a7902cb,0,0.4985231623056012,1169,Lower,Pending human review
content_9c3ae50bc08c,client_f74efabef1,1,0.4982287040796382,1170,Lower,Pending human review
content_336c7ad5b24b,client_624b60c58c,1,0.49820002555855103,1171,Lower,Pending human review
content_211a1a043c67,client_a88a7902cb,1,0.49792924658832377,1172,Lower,Pending human review
content_4467a5630351,client_f74efabef1,1,0.4977898881186574,1173,Lower,Pending human review
content_851dd2ac0e2f,client_f74efabef1,1,0.49750914701772725,1174,Lower,Pending human review
content_f5d150fda0ef,client_f74efabef1,0,0.49748176527883914,1175,Lower,Pending human review
content_d6df957a246d,client_f74efabef1,1,0.49665718573984846,1176,Lower,Pending human review
content_46c179f1a6a8,client_9f14025af0,1,0.49613945107819285,1177,Lower,Pending human review
content_4e6627b761ce,client_a88a7902cb,1,0.4958907702333863,1178,Lower,Pending human review
content_c2050775d9a6,client_a88a7902cb,0,0.4957059553983952,1179,Lower,Pending human review
content_b3266b0b14a2,client_a88a7902cb,1,0.49528059853278394,1180,Lower,Pending human review
content_3e6b7a62d22e,client_8b940be7fb,0,0.4948513575234194,1181,Lower,Pending human review
content_4b94682ccab2,client_a88a7902cb,0,0.49383587573068194,1182,Lower,Pending human review
content_4e2c6df86a2f,client_a88a7902cb,1,0.4938308288634757,1183,Lower,Pending human review
content_4abbe263cb4e,client_a88a7902cb,1,0.4937133195339603,1184,Lower,Pending human review
content_d661302d5d19,client_a88a7902cb,0,0.49283442705067587,1185,Lower,Pending human review
content_db882e768405,client_a88a7902cb,1,0.49282256356198073,1186,Lower,Pending human review
content_48abb3b2448d,client_9f14025af0,1,0.4927663655479196,1187,Lower,Pending human review
content_4d100cde8a08,client_a88a7902cb,1,0.49270157574952833,1188,Lower,Pending human review
content_1974e7c1badb,client_a88a7902cb,0,0.4926402555885771,1189,Lower,Pending human review
content_01991336b73e,client_a88a7902cb,1,0.49238870853467365,1190,Lower,Pending human review
content_afd11df35a76,client_a88a7902cb,1,0.4923383212047276,1191,Lower,Pending human review
content_9979e5cfbfca,client_a88a7902cb,0,0.4915896127602851,1192,Lower,Pending human review
content_35b029bc5d12,client_a88a7902cb,1,0.4911000810908868,1193,Lower,Pending human review
content_1c321558ee2f,client_a88a7902cb,1,0.49108048535993404,1194,Lower,Pending human review
content_777b979f86bc,client_a88a7902cb,1,0.4907154064905637,1195,Lower,Pending human review
content_ac372910117f,client_a88a7902cb,0,0.4902630625569289,1196,Lower,Pending human review
content_047a8d50dcb8,client_a88a7902cb,1,0.48962433813367795,1197,Lower,Pending human review
content_902a36ca0781,client_f74efabef1,1,0.48942239839646534,1198,Lower,Pending human review
content_d5a04a00dbfa,client_a88a7902cb,1,0.489290625962886,1199,Lower,Pending human review
content_b1eae157d71f,client_a88a7902cb,0,0.489129420383131,1200,Lower,Pending human review
content_586376c61287,client_f74efabef1,0,0.4879578027723062,1201,Lower,Pending human review
content_17f1c81fdd37,client_a88a7902cb,1,0.48777777124545973,1202,Lower,Pending human review
content_805aecabd841,client_a88a7902cb,1,0.48776275689026766,1203,Lower,Pending human review
content_22cd3ecf3078,client_f74efabef1,1,0.48764712449924896,1204,Lower,Pending human review
content_1040deaffe20,client_9f14025af0,0,0.487423259616087,1205,Lower,Pending human review
content_b77aa12775ff,client_a88a7902cb,0,0.48732584784612365,1206,Lower,Pending human review
content_c493b1221dc4,client_a88a7902cb,0,0.48709866696543336,1207,Lower,Pending human review
content_fb0d26618a14,client_a88a7902cb,1,0.48657817632222106,1208,Lower,Pending human review
content_d34473a0d631,client_f74efabef1,1,0.4864455328000208,1209,Lower,Pending human review
content_e3bb85ec9923,client_a88a7902cb,0,0.4864317340293801,1210,Lower,Pending human review
content_3170de7e27d9,client_a88a7902cb,1,0.4864189442670201,1211,Lower,Pending human review
content_d7514dd2ed21,client_a88a7902cb,1,0.48632904154423384,1212,Lower,Pending human review
content_141f8e20ddcb,client_a88a7902cb,0,0.4860560387141097,1213,Lower,Pending human review
content_e0e81db6ce5d,client_a88a7902cb,0,0.48586700602475646,1214,Lower,Pending human review
content_f111c210c9ed,client_a88a7902cb,1,0.4857747690687871,1215,Lower,Pending human review
content_b88c4e8da56a,client_a88a7902cb,1,0.485373634279947,1216,Lower,Pending human review
content_4c1a5eaa5d29,client_a88a7902cb,1,0.4853132635782512,1217,Lower,Pending human review
content_f0cbe3e5b27b,client_f74efabef1,0,0.4847059560625156,1218,Lower,Pending human review
content_abf2e93cb4f6,client_9f14025af0,0,0.48417391408948174,1219,Lower,Pending human review
content_585497ef5e14,client_a88a7902cb,0,0.48404917638721034,1220,Lower,Pending human review
content_95a3b8d0f678,client_a88a7902cb,1,0.4837344181270047,1221,Lower,Pending human review
content_25ca73944527,client_8b940be7fb,0,0.4835626986145817,1222,Lower,Pending human review
content_ca1ba4796258,client_f74efabef1,0,0.4834782695652791,1223,Lower,Pending human review
content_1aa959cc9222,client_f74efabef1,1,0.4832150753416397,1224,Lower,Pending human review
content_1ecee2e82a92,client_f74efabef1,1,0.48307516803509376,1225,Lower,Pending human review
content_acec2a43ccf5,client_a88a7902cb,0,0.48299436340260526,1226,Lower,Pending human review
content_91bd6aa38ce4,client_f74efabef1,1,0.4824914695248369,1227,Lower,Pending human review
content_193af1c94426,client_a88a7902cb,1,0.4824582678637672,1228,Lower,Pending human review
content_5363e751a7fb,client_a88a7902cb,0,0.4823289039430431,1229,Lower,Pending human review
content_9fff9b3a89de,client_9f14025af0,1,0.4819436395391329,1230,Lower,Pending human review
content_b31432df4c24,client_f74efabef1,0,0.4816612592850248,1231,Lower,Pending human review
content_04d61c27ab03,client_f74efabef1,0,0.4812230348857073,1232,Lower,Pending human review
content_9e097477170b,client_a88a7902cb,1,0.48110520310506477,1233,Lower,Pending human review
content_6e83e976f1d1,client_a88a7902cb,0,0.4811016475622871,1234,Lower,Pending human review
content_55c5e33ada57,client_a88a7902cb,1,0.48048719752080304,1235,Lower,Pending human review
content_a4342c9ec695,client_a88a7902cb,1,0.4787063247897991,1236,Lower,Pending human review
content_b0b3587234a9,client_f74efabef1,1,0.47856239538963746,1237,Lower,Pending human review
content_4c570d0171fa,client_f74efabef1,1,0.47847279764536094,1238,Lower,Pending human review
content_4afeef8d2195,client_a88a7902cb,1,0.47834077677022196,1239,Lower,Pending human review
content_bc73429b8eb4,client_a88a7902cb,1,0.47808900522970743,1240,Lower,Pending human review
content_32c171dcabb1,client_a88a7902cb,1,0.4780753556501346,1241,Lower,Pending human review
content_82fce3c69f24,client_a88a7902cb,1,0.47805474922740315,1242,Lower,Pending human review
content_1e641b345915,client_a88a7902cb,1,0.47746968540016255,1243,Lower,Pending human review
content_b8c05d52fc39,client_f74efabef1,1,0.47720593782966636,1244,Lower,Pending human review
content_d89c2f96d951,client_a88a7902cb,1,0.4772017164908558,1245,Lower,Pending human review
content_db39284f7d11,client_a88a7902cb,1,0.47718437264525293,1246,Lower,Pending human review
content_d1e879090911,client_a88a7902cb,1,0.47674626679816856,1247,Lower,Pending human review
content_e927959ad107,client_f74efabef1,1,0.47664458300537244,1248,Lower,Pending human review
content_a56a2d6bc581,client_a88a7902cb,0,0.47652805218618216,1249,Lower,Pending human review
content_ad5784eaadd5,client_a88a7902cb,1,0.4764853960664648,1250,Lower,Pending human review
content_fa90be010d1b,client_a88a7902cb,1,0.4759544049074922,1251,Lower,Pending human review
content_ce5fe64eb5e8,client_f74efabef1,0,0.4758288838503617,1252,Lower,Pending human review
content_4a98a77c5293,client_a88a7902cb,1,0.4758086767768972,1253,Lower,Pending human review
content_3219b4fe399c,client_a88a7902cb,1,0.4757883655430249,1254,Lower,Pending human review
content_eeeeaea71385,client_a88a7902cb,0,0.47565372181286364,1255,Lower,Pending human review
content_79ea772e375b,client_a88a7902cb,0,0.47515345372434054,1256,Lower,Pending human review
content_b4b76524543b,client_a88a7902cb,0,0.474748954509501,1257,Lower,Pending human review
content_cf638159ee3a,client_9f14025af0,0,0.4745455372595538,1258,Lower,Pending human review
content_c8f8954f13e3,client_a88a7902cb,1,0.47437858602759275,1259,Lower,Pending human review
content_fe6f5977ae89,client_a88a7902cb,1,0.47419692546782494,1260,Lower,Pending human review
content_7bfb3e51b1eb,client_a88a7902cb,1,0.4740993639668567,1261,Lower,Pending human review
content_f9759ccc2bd9,client_a88a7902cb,1,0.47384429176563064,1262,Lower,Pending human review
content_29086306e0c3,client_a88a7902cb,0,0.47333883322441234,1263,Lower,Pending human review
content_6915c3199f96,client_a88a7902cb,1,0.4725110395896191,1264,Lower,Pending human review
content_6233516e7e4a,client_a88a7902cb,1,0.4723656119731327,1265,Lower,Pending human review
content_581f40fdfabb,client_a88a7902cb,1,0.47223041274820876,1266,Lower,Pending human review
content_185543a6b4bb,client_a88a7902cb,0,0.4719041205764997,1267,Lower,Pending human review
content_eca7ecd621bc,client_a88a7902cb,1,0.4718509098666271,1268,Lower,Pending human review
content_84c241d65f38,client_a88a7902cb,0,0.47172951882619385,1269,Lower,Pending human review
content_a5a07b2eff3e,client_a88a7902cb,1,0.471634399465433,1270,Lower,Pending human review
content_dd8023ed54a0,client_a88a7902cb,0,0.4714782767391226,1271,Lower,Pending human review
content_8e4102e30f3f,client_a88a7902cb,1,0.47113055246278185,1272,Lower,Pending human review
content_d0065aed2fa5,client_a88a7902cb,1,0.47112197399516237,1273,Lower,Pending human review
content_806afc055335,client_a88a7902cb,0,0.47067452496129875,1274,Lower,Pending human review
content_7732765307cf,client_a88a7902cb,0,0.47060616956605034,1275,Lower,Pending human review
content_1a153b7ccb3a,client_a88a7902cb,1,0.47055425336525575,1276,Lower,Pending human review
content_1c63dd9e9d85,client_f74efabef1,0,0.4701651355692527,1277,Lower,Pending human review
content_e0bc222bf28d,client_a88a7902cb,1,0.46978203478145125,1278,Lower,Pending human review
content_1f229ff896ef,client_a88a7902cb,1,0.4696365004564686,1279,Lower,Pending human review
content_79666c12efd3,client_a88a7902cb,1,0.4696192331769792,1280,Lower,Pending human review
content_e50f9b6c3246,client_9f14025af0,1,0.469467186707271,1281,Lower,Pending human review
content_9bc3d19c32b5,client_f74efabef1,1,0.46900434968719634,1282,Lower,Pending human review
content_0efd70ebc731,client_f74efabef1,0,0.4688421660149046,1283,Lower,Pending human review
content_893c17df988e,client_a88a7902cb,0,0.46872138225756926,1284,Lower,Pending human review
content_f50d35e5fa08,client_a88a7902cb,1,0.46849351414531004,1285,Lower,Pending human review
content_769eb295a694,client_a88a7902cb,0,0.4684613092972966,1286,Lower,Pending human review
content_a7fc43d9a3cf,client_f74efabef1,0,0.4682471065776773,1287,Lower,Pending human review
content_b5aa208925e6,client_9f14025af0,1,0.4681708219241453,1288,Lower,Pending human review
content_355d35064bca,client_a88a7902cb,0,0.46767468397854345,1289,Lower,Pending human review
content_519e151cbace,client_a88a7902cb,1,0.4676185288875102,1290,Lower,Pending human review
content_345aec0a74e7,client_f74efabef1,0,0.4675801756220921,1291,Lower,Pending human review
content_dab75804d00b,client_624b60c58c,0,0.4671256134216544,1292,Lower,Pending human review
content_437ecf43c004,client_f74efabef1,1,0.4669534822940919,1293,Lower,Pending human review
content_bec800684271,client_f74efabef1,0,0.4667509315029656,1294,Lower,Pending human review
content_74f03508ac6e,client_a88a7902cb,0,0.4665627183944795,1295,Lower,Pending human review
content_a9ca600cac3e,client_a88a7902cb,1,0.46646253087798445,1296,Lower,Pending human review
content_791a70d557f8,client_624b60c58c,0,0.46633807276140515,1297,Lower,Pending human review
content_de3c5028cb72,client_a88a7902cb,1,0.4659678687507321,1298,Lower,Pending human review
content_b0be8a13f577,client_a88a7902cb,0,0.46593110934960036,1299,Lower,Pending human review
content_0e943d97a94e,client_a88a7902cb,1,0.46559570551124774,1300,Lower,Pending human review
content_b70b7c263bd2,client_f74efabef1,1,0.4653525392483255,1301,Lower,Pending human review
content_657fddfd7ddd,client_f74efabef1,1,0.46489090985294557,1302,Lower,Pending human review
content_45aa8c7345e7,client_a88a7902cb,1,0.4647246669139545,1303,Lower,Pending human review
content_7c6e1d881656,client_a88a7902cb,1,0.46433441024771177,1304,Lower,Pending human review
content_656bdb2697f4,client_a88a7902cb,1,0.4642697767468797,1305,Lower,Pending human review
content_2105b32488af,client_9f14025af0,1,0.4642451111992171,1306,Lower,Pending human review
content_6ddf60e55080,client_f74efabef1,1,0.46416723283569467,1307,Lower,Pending human review
content_37f29d7160dd,client_a88a7902cb,1,0.46344342872351213,1308,Lower,Pending human review
content_b71fb561e8b8,client_a88a7902cb,1,0.4625822337280172,1309,Lower,Pending human review
content_55b26edefa9d,client_f74efabef1,1,0.4625379943628652,1310,Lower,Pending human review
content_8e0354da9a5a,client_f74efabef1,0,0.4623576742780018,1311,Lower,Pending human review
content_cefdb6f4c6ae,client_a88a7902cb,1,0.462254168297707,1312,Lower,Pending human review
content_bd7f36138b1c,client_f74efabef1,1,0.4620875549875423,1313,Lower,Pending human review
content_b3fa5dfb19ae,client_a88a7902cb,0,0.46199174321301606,1314,Lower,Pending human review
content_abfce12ffe2b,client_a88a7902cb,0,0.4618676216082,1315,Lower,Pending human review
content_c2a3a4d575c1,client_f74efabef1,1,0.4617632200274065,1316,Lower,Pending human review
content_f02ed774a7fb,client_f74efabef1,0,0.4612208680683838,1317,Lower,Pending human review
content_d65a57267485,client_f74efabef1,1,0.4611258886332089,1318,Lower,Pending human review
content_8345735093bb,client_f74efabef1,1,0.4610918866822756,1319,Lower,Pending human review
content_f24b04239e58,client_a88a7902cb,1,0.46084999333164983,1320,Lower,Pending human review
content_7376c82b0164,client_a88a7902cb,1,0.46076624694747237,1321,Lower,Pending human review
content_3ae75e9c3abd,client_a88a7902cb,0,0.4607081815744591,1322,Lower,Pending human review
content_c17d3a5e3566,client_f74efabef1,1,0.46016297532059824,1323,Lower,Pending human review
content_b7d553014cf8,client_9f14025af0,0,0.4599554830460868,1324,Lower,Pending human review
content_b6947eb8896f,client_a88a7902cb,1,0.45941062207734845,1325,Lower,Pending human review
content_e53df66aeadb,client_a88a7902cb,1,0.45915691477155646,1326,Lower,Pending human review
content_a56c7e0238af,client_a88a7902cb,1,0.459013221341849,1327,Lower,Pending human review
content_73f5e27bc2e6,client_9f14025af0,1,0.4590021073260358,1328,Lower,Pending human review
content_31619b6f523a,client_f74efabef1,0,0.4585128992931375,1329,Lower,Pending human review
content_e29fcc61b6d8,client_a88a7902cb,0,0.4582958824122475,1330,Lower,Pending human review
content_8a7689d45430,client_f74efabef1,0,0.4578287463053171,1331,Lower,Pending human review
content_0cfb18d748e2,client_a88a7902cb,1,0.45741284519222825,1332,Lower,Pending human review
content_d23747f24fd9,client_a88a7902cb,1,0.456868056329658,1333,Lower,Pending human review
content_b8093d23fd8e,client_f74efabef1,1,0.45681532968447486,1334,Lower,Pending human review
content_aa69d4f26c07,client_a88a7902cb,1,0.45624500927066164,1335,Lower,Pending human review
content_8e2bf9bf9ad5,client_f74efabef1,1,0.4560991269454205,1336,Lower,Pending human review
content_0129258f56f5,client_a88a7902cb,0,0.4559300826195258,1337,Lower,Pending human review
content_b2a855eed787,client_f74efabef1,1,0.45565382609088423,1338,Lower,Pending human review
content_bab0b555269f,client_a88a7902cb,1,0.4553968936299476,1339,Lower,Pending human review
content_708def9938f6,client_a88a7902cb,0,0.4553239089278173,1340,Lower,Pending human review
content_7138469ed558,client_a88a7902cb,0,0.45525584123151946,1341,Lower,Pending human review
content_672622d84ce9,client_9f14025af0,0,0.45432656959133394,1342,Lower,Pending human review
content_c3dd69918c8c,client_9f14025af0,1,0.454272266276458,1343,Lower,Pending human review
content_806c02f4994a,client_a88a7902cb,0,0.4541211288775406,1344,Lower,Pending human review
content_5cafa759dc77,client_f74efabef1,0,0.45402028664307503,1345,Lower,Pending human review
content_16df9f59a133,client_f74efabef1,1,0.45394457451442216,1346,Lower,Pending human review
content_56f13aed46e7,client_f74efabef1,1,0.45393508181185044,1347,Lower,Pending human review
content_4548351cea4d,client_a88a7902cb,0,0.4536600914154212,1348,Lower,Pending human review
content_c6aafbdcc0ba,client_a88a7902cb,0,0.45355370285835883,1349,Lower,Pending human review
content_108e8e4899b7,client_9f14025af0,0,0.45341359053419295,1350,Lower,Pending human review
content_e5a3da9fd4b3,client_a88a7902cb,1,0.4531632196354086,1351,Lower,Pending human review
content_12f3bcae74e6,client_f74efabef1,1,0.45266957470959523,1352,Lower,Pending human review
content_f489e70308fe,client_a88a7902cb,1,0.4525234220268926,1353,Lower,Pending human review
content_180c6a49734c,client_f74efabef1,0,0.45184658829367647,1354,Lower,Pending human review
content_66c07071d0f1,client_9f14025af0,1,0.4518293497575781,1355,Lower,Pending human review
content_221f31c745f1,client_f74efabef1,0,0.4516760442638069,1356,Lower,Pending human review
content_6abc159202b6,client_a88a7902cb,1,0.4516519107932529,1357,Lower,Pending human review
content_0f0f860341c6,client_a88a7902cb,0,0.45106511185487336,1358,Lower,Pending human review
content_75bc77e391b4,client_a88a7902cb,1,0.4510570103155963,1359,Lower,Pending human review
content_09671db17fc4,client_a88a7902cb,1,0.450865353422058,1360,Lower,Pending human review
content_361740913080,client_9f14025af0,0,0.4507587357822136,1361,Lower,Pending human review
content_5cc3a4038603,client_9f14025af0,0,0.45068989896289297,1362,Lower,Pending human review
content_bd9b2f9c8906,client_a88a7902cb,0,0.4497793223107453,1363,Lower,Pending human review
content_382dbcc3e84e,client_a88a7902cb,0,0.4495058639873934,1364,Lower,Pending human review
content_fc282c970c5d,client_f74efabef1,0,0.4486732451229902,1365,Lower,Pending human review
content_4c6ab33b38f1,client_a88a7902cb,1,0.4483629891789551,1366,Lower,Pending human review
content_17304b25ad97,client_f74efabef1,1,0.44800564766667916,1367,Lower,Pending human review
content_541d947d8b96,client_9f14025af0,0,0.4476494806564429,1368,Lower,Pending human review
content_f9c635766b72,client_a88a7902cb,1,0.44761033333539024,1369,Lower,Pending human review
content_e41aae1768dc,client_a88a7902cb,0,0.44735291669748006,1370,Lower,Pending human review
content_b46cea2c92c0,client_9f14025af0,0,0.44731244156941263,1371,Lower,Pending human review
content_35304add2b62,client_9f14025af0,0,0.4471119006528417,1372,Lower,Pending human review
content_d12d9f40306c,client_f74efabef1,0,0.4466189545025285,1373,Lower,Pending human review
content_e37ab627770e,client_a88a7902cb,1,0.4463947189223277,1374,Lower,Pending human review
content_84f9fcb1fd6b,client_a88a7902cb,1,0.44619723631163316,1375,Lower,Pending human review
content_166524d77a84,client_f74efabef1,1,0.44592023036539036,1376,Lower,Pending human review
content_b8bf3ef8a11d,client_a88a7902cb,0,0.445789348040977,1377,Lower,Pending human review
content_f49297e96d01,client_9f14025af0,0,0.44530367932083176,1378,Lower,Pending human review
content_24a36ba62fdb,client_a88a7902cb,1,0.4452277958111278,1379,Lower,Pending human review
content_88aec4a72085,client_a88a7902cb,1,0.4449529049019667,1380,Lower,Pending human review
content_af2291847fb5,client_a88a7902cb,1,0.4446895575778125,1381,Lower,Pending human review
content_84f1de00ddc0,client_a88a7902cb,0,0.4444482450573053,1382,Lower,Pending human review
content_ce17628491d0,client_9f14025af0,0,0.4439909068770192,1383,Lower,Pending human review
content_2953b3489504,client_a88a7902cb,1,0.4435862866233335,1384,Lower,Pending human review
content_c5d6e7e113bd,client_a88a7902cb,1,0.4434881072739224,1385,Lower,Pending human review
content_b83fa8f24e15,client_a88a7902cb,1,0.44316759576120357,1386,Lower,Pending human review
content_13afb8b73d37,client_a88a7902cb,1,0.44273529506152304,1387,Lower,Pending human review
content_019d6a47104f,client_a88a7902cb,0,0.4426386319457839,1388,Lower,Pending human review
content_b19052710bd7,client_f74efabef1,1,0.442590715043953,1389,Lower,Pending human review
content_d74f70363d5c,client_9f14025af0,1,0.4425724584777805,1390,Lower,Pending human review
content_e6b7a5651a13,client_a88a7902cb,1,0.4425068772852354,1391,Lower,Pending human review
content_77e24a43eade,client_f74efabef1,0,0.4421181482292187,1392,Lower,Pending human review
content_0ff02799cba0,client_a88a7902cb,0,0.4418308874297496,1393,Lower,Pending human review
content_486b261a429f,client_9f14025af0,0,0.4418135103316902,1394,Lower,Pending human review
content_2263258c1973,client_a88a7902cb,1,0.441434064564389,1395,Lower,Pending human review
content_a6f36e44f79b,client_a88a7902cb,1,0.4414218555303445,1396,Lower,Pending human review
content_b3cb00c55d03,client_a88a7902cb,1,0.44136746785987097,1397,Lower,Pending human review
content_0ed32e8e1023,client_a88a7902cb,1,0.4408204812648044,1398,Lower,Pending human review
content_506289517701,client_a88a7902cb,1,0.44070981693736444,1399,Lower,Pending human review
content_5e432ba8619a,client_a88a7902cb,1,0.4405358193143256,1400,Lower,Pending human review
content_d603c0b7de2e,client_f74efabef1,0,0.4405003695187367,1401,Lower,Pending human review
content_06063ce6ae12,client_a88a7902cb,1,0.4404180806638527,1402,Lower,Pending human review
content_db9497df5b13,client_a88a7902cb,1,0.4400803043834154,1403,Lower,Pending human review
content_d5d3c2e98937,client_f74efabef1,1,0.43997037265591743,1404,Lower,Pending human review
content_11cdc10aa05d,client_f74efabef1,0,0.43983283860019856,1405,Lower,Pending human review
content_4713a0bdba1f,client_f74efabef1,1,0.4396598770671196,1406,Lower,Pending human review
content_897955617f88,client_a88a7902cb,0,0.4396297736475418,1407,Lower,Pending human review
content_5a21a6d2fdc4,client_9f14025af0,1,0.43923080558240646,1408,Lower,Pending human review
content_18252fadbc14,client_a88a7902cb,0,0.43907038613687677,1409,Lower,Pending human review
content_994f9d8f1440,client_f74efabef1,1,0.43872928615913004,1410,Lower,Pending human review
content_ee6ba17be8b8,client_f74efabef1,0,0.43845311157593064,1411,Lower,Pending human review
content_df52e0cebadc,client_f74efabef1,1,0.4383236313265223,1412,Lower,Pending human review
content_d3d230d386a7,client_f74efabef1,0,0.43749303289818725,1413,Lower,Pending human review
content_0fd93549fa71,client_a88a7902cb,1,0.43706912439338497,1414,Lower,Pending human review
content_22935494daa1,client_a88a7902cb,0,0.43605353143444187,1415,Lower,Pending human review
content_17bb41c44a2b,client_f74efabef1,0,0.4356720713823223,1416,Lower,Pending human review
content_714ef09de9d5,client_f74efabef1,0,0.4356514569583219,1417,Lower,Pending human review
content_4f899b04fb37,client_a88a7902cb,1,0.4354152114014755,1418,Lower,Pending human review
content_2e42da29054a,client_f74efabef1,0,0.43507876336562296,1419,Lower,Pending human review
content_5f4b8b91a769,client_f74efabef1,0,0.43498020569317475,1420,Lower,Pending human review
content_ed87bc84e22d,client_9f14025af0,0,0.4349046527154139,1421,Lower,Pending human review
content_002b126eecaa,client_a88a7902cb,0,0.43484497364729846,1422,Lower,Pending human review
content_784ab932f804,client_a88a7902cb,0,0.43449830692553476,1423,Lower,Pending human review
content_861d45fe49c5,client_f74efabef1,0,0.43448473125983084,1424,Lower,Pending human review
content_09fcbb8f3e82,client_f74efabef1,0,0.4340871137554941,1425,Lower,Pending human review
content_4d881beb02fc,client_a88a7902cb,1,0.4338991601838538,1426,Lower,Pending human review
content_3e2d528e593e,client_f74efabef1,1,0.43334453538181134,1427,Lower,Pending human review
content_021de3bf5c90,client_a88a7902cb,0,0.43332991056556347,1428,Lower,Pending human review
content_ae48feaf0ac2,client_f74efabef1,0,0.4331856215643517,1429,Lower,Pending human review
content_5b15dd8a31b0,client_f74efabef1,0,0.43288807363274984,1430,Lower,Pending human review
content_56b0e78884ab,client_f74efabef1,0,0.4327900227758717,1431,Lower,Pending human review
content_c7c59d9b1e77,client_a88a7902cb,1,0.432760160732314,1432,Lower,Pending human review
content_ef02e42aafe0,client_f74efabef1,1,0.4326078766372515,1433,Lower,Pending human review
content_4568e22af491,client_a88a7902cb,1,0.43248058017862,1434,Lower,Pending human review
content_27e2af40f23b,client_a88a7902cb,0,0.4323234845021717,1435,Lower,Pending human review
content_e8bc5774ee2f,client_9f14025af0,0,0.43133643031237734,1436,Lower,Pending human review
content_21d71284cee6,client_a88a7902cb,0,0.4313327296647211,1437,Lower,Pending human review
content_f141c99799a8,client_a88a7902cb,0,0.4305906922093376,1438,Lower,Pending human review
content_cd2c8b3a0cbe,client_9f14025af0,0,0.43034095061387045,1439,Lower,Pending human review
content_939b70207d30,client_9f14025af0,1,0.4303035706332255,1440,Lower,Pending human review
content_1699d3c0b33e,client_a88a7902cb,1,0.43023600874889195,1441,Lower,Pending human review
content_bb4944e9d88e,client_f74efabef1,1,0.4298617941803143,1442,Lower,Pending human review
content_d6a142efd11f,client_a88a7902cb,0,0.42983631862131444,1443,Lower,Pending human review
content_f3697829779e,client_a88a7902cb,0,0.42979747570459703,1444,Lower,Pending human review
content_913b137c4716,client_a88a7902cb,1,0.42949841950509465,1445,Lower,Pending human review
content_23bd9d0e8788,client_a88a7902cb,1,0.4294467751559095,1446,Lower,Pending human review
content_070f0edc2851,client_a88a7902cb,1,0.4288014941847046,1447,Lower,Pending human review
content_b8e4dc8a7c27,client_9f14025af0,0,0.4277598502518231,1448,Lower,Pending human review
content_bc5cdb69aee6,client_a88a7902cb,1,0.42764649697719775,1449,Lower,Pending human review
content_cce3f0101794,client_9f14025af0,0,0.42721539671427805,1450,Lower,Pending human review
content_1bdd65eb4961,client_a88a7902cb,1,0.4269827565739287,1451,Lower,Pending human review
content_346191bcc8a6,client_a88a7902cb,0,0.42692828460571736,1452,Lower,Pending human review
content_ee84004f95e9,client_9f14025af0,0,0.4269270018532205,1453,Lower,Pending human review
content_34347c497aeb,client_a88a7902cb,1,0.42691028279046556,1454,Lower,Pending human review
content_c3bd698df71a,client_f74efabef1,0,0.4268362783518696,1455,Lower,Pending human review
content_2889225273bf,client_f74efabef1,0,0.4262737688537725,1456,Lower,Pending human review
content_59f8bd15873c,client_a88a7902cb,0,0.4260872449252695,1457,Lower,Pending human review
content_49053c8ad6c0,client_a88a7902cb,0,0.426079431484769,1458,Lower,Pending human review
content_e63cc798df12,client_a88a7902cb,0,0.4259350252707741,1459,Lower,Pending human review
content_7daa76a89c98,client_f74efabef1,0,0.4258803843909263,1460,Lower,Pending human review
content_b0c60469f98a,client_f74efabef1,1,0.42551309600246523,1461,Lower,Pending human review
content_a4da01b55f29,client_9f14025af0,0,0.4254803066370193,1462,Lower,Pending human review
content_95d488a56079,client_f74efabef1,0,0.4250482158741592,1463,Lower,Pending human review
content_ba8943e240b7,client_f74efabef1,0,0.4249952820162247,1464,Lower,Pending human review
content_4cf057f43fd4,client_624b60c58c,0,0.4241862082325493,1465,Lower,Pending human review
content_d1d1eefe8db4,client_a88a7902cb,1,0.42397332327629217,1466,Lower,Pending human review
content_cd4f4983677f,client_9f14025af0,0,0.42371271902671304,1467,Lower,Pending human review
content_8e51983c2c4b,client_a88a7902cb,0,0.4236059785474914,1468,Lower,Pending human review
content_bcd22a46fed9,client_a88a7902cb,1,0.42322652504166264,1469,Lower,Pending human review
content_a7c3e8205cb1,client_a88a7902cb,1,0.422980462145492,1470,Lower,Pending human review
content_7fd84427f033,client_a88a7902cb,1,0.42280813527932964,1471,Lower,Pending human review
content_d2465b37632a,client_9f14025af0,0,0.42268691827899846,1472,Lower,Pending human review
content_98ccda3d0f8f,client_a88a7902cb,1,0.42265611979778533,1473,Lower,Pending human review
content_774531573c7a,client_a88a7902cb,1,0.4226521966592522,1474,Lower,Pending human review
content_a635b9ffea7b,client_a88a7902cb,1,0.42249231887239863,1475,Lower,Pending human review
content_441e9b2ffff2,client_a88a7902cb,1,0.4224158487013293,1476,Lower,Pending human review
content_f59f89469716,client_9f14025af0,0,0.4219931451991453,1477,Lower,Pending human review
content_dd7fd01f2cb4,client_a88a7902cb,1,0.4218546481623784,1478,Lower,Pending human review
content_baba9b0b215c,client_a88a7902cb,1,0.42181896953222336,1479,Lower,Pending human review
content_3c9ac07c61ea,client_f74efabef1,1,0.42172617406372676,1480,Lower,Pending human review
content_0f23d8e71f55,client_a88a7902cb,0,0.42169264777694887,1481,Lower,Pending human review
content_d332d5562b63,client_9f14025af0,1,0.4216486459332449,1482,Lower,Pending human review
content_90ebf7385a86,client_a88a7902cb,0,0.42135092961250836,1483,Lower,Pending human review
content_f386ac83bc89,client_a88a7902cb,0,0.420866343182193,1484,Lower,Pending human review
content_b0ce54b7e445,client_9f14025af0,0,0.42069948288572656,1485,Lower,Pending human review
content_2d610ab565e9,client_a88a7902cb,1,0.42053764050816855,1486,Lower,Pending human review
content_0688bfc1bfea,client_a88a7902cb,0,0.42009204422795554,1487,Lower,Pending human review
content_f02f69a3982e,client_a88a7902cb,1,0.41996882866856006,1488,Lower,Pending human review
content_87125687cd9c,client_a88a7902cb,1,0.41922189297417534,1489,Lower,Pending human review
content_8acba94ee445,client_a88a7902cb,0,0.4190629641752306,1490,Lower,Pending human review
content_5f139eac72dc,client_9f14025af0,0,0.4188107858293656,1491,Lower,Pending human review
content_fc1ac958f6b4,client_a88a7902cb,0,0.4181357697751524,1492,Lower,Pending human review
content_6d5a45d455a4,client_9f14025af0,0,0.4180272358329602,1493,Lower,Pending human review
content_e212301f375e,client_f74efabef1,1,0.41790385978602224,1494,Lower,Pending human review
content_fdd973f359d1,client_a88a7902cb,0,0.41790301467949054,1495,Lower,Pending human review
content_f3c49edd9c15,client_a88a7902cb,1,0.4177761735159064,1496,Lower,Pending human review
content_d9afc9438411,client_a88a7902cb,1,0.4174160753193293,1497,Lower,Pending human review
content_e6a4e9be058a,client_f74efabef1,1,0.4172374787000598,1498,Lower,Pending human review
content_233fd073179f,client_a88a7902cb,1,0.41647112825519644,1499,Lower,Pending human review
content_2559334d2af9,client_f74efabef1,0,0.4163346910469414,1500,Lower,Pending human review
content_524585c28046,client_9f14025af0,0,0.416159263618248,1501,Lower,Pending human review
content_1947d99b4b43,client_a88a7902cb,1,0.4160072666198182,1502,Lower,Pending human review
content_282c159379cf,client_a88a7902cb,0,0.4157620391730556,1503,Lower,Pending human review
content_0ffc76a2a357,client_f74efabef1,1,0.4155181440489066,1504,Lower,Pending human review
content_12bce8fca352,client_a88a7902cb,1,0.41542127922445043,1505,Lower,Pending human review
content_05aa509b8e90,client_a88a7902cb,0,0.41530448339522485,1506,Lower,Pending human review
content_8228b5a9e793,client_a88a7902cb,1,0.41507808247256833,1507,Lower,Pending human review
content_0878a3e08d36,client_f74efabef1,1,0.4146959238673795,1508,Lower,Pending human review
content_aab65710a723,client_a88a7902cb,1,0.4146784113377062,1509,Lower,Pending human review
content_1c897e632735,client_a88a7902cb,0,0.41461297613343256,1510,Lower,Pending human review
content_02d51981f28c,client_a88a7902cb,1,0.41408426473705734,1511,Lower,Pending human review
content_37cbdaa156ea,client_f74efabef1,1,0.41389544395564826,1512,Lower,Pending human review
content_91bcdfc6502a,client_a88a7902cb,1,0.4138505922257151,1513,Lower,Pending human review
content_4be48bf9ac78,client_a88a7902cb,0,0.4130102282867611,1514,Lower,Pending human review
content_714a5a846269,client_a88a7902cb,1,0.41276814843568,1515,Lower,Pending human review
content_19c88f333c6f,client_a88a7902cb,0,0.412749657794131,1516,Lower,Pending human review
content_b59b3cd0ecb1,client_a88a7902cb,0,0.41262304442621645,1517,Lower,Pending human review
content_abd6a1e07c1f,client_a88a7902cb,1,0.41244474579201534,1518,Lower,Pending human review
content_1e7488ba6b36,client_a88a7902cb,1,0.41231170635672787,1519,Lower,Pending human review
content_d7ff1238ff11,client_a88a7902cb,1,0.4122499462940502,1520,Lower,Pending human review
content_355e3e898fe8,client_f74efabef1,0,0.4111013458257456,1521,Lower,Pending human review
content_07c2c31d3ef0,client_a88a7902cb,1,0.4110541975051602,1522,Lower,Pending human review
content_99bc62c05724,client_a88a7902cb,1,0.410967524689551,1523,Lower,Pending human review
content_97c7a8edb29a,client_a88a7902cb,1,0.4106840755477871,1524,Lower,Pending human review
content_0101e2578614,client_a88a7902cb,0,0.41043664957355736,1525,Lower,Pending human review
content_0e6e8e03dbd6,client_a88a7902cb,0,0.41000343776764187,1526,Lower,Pending human review
content_48528db098f3,client_a88a7902cb,1,0.40988960744675146,1527,Lower,Pending human review
content_ff71c103ba32,client_a88a7902cb,0,0.4098171092229429,1528,Lower,Pending human review
content_6ed5b2bf1fd2,client_f74efabef1,0,0.40972090525960697,1529,Lower,Pending human review
content_b9e023889292,client_a88a7902cb,0,0.409691289264556,1530,Lower,Pending human review
content_23e3bfe26cba,client_f74efabef1,0,0.4095484227716271,1531,Lower,Pending human review
content_98b92ff8b967,client_a88a7902cb,1,0.40949971312965366,1532,Lower,Pending human review
content_e0279c1f1936,client_a88a7902cb,0,0.40942270642546874,1533,Lower,Pending human review
content_08f89e322728,client_a88a7902cb,1,0.4092516646777937,1534,Lower,Pending human review
content_1989eb00963b,client_9f14025af0,1,0.409086383437734,1535,Lower,Pending human review
content_016428bd9449,client_a88a7902cb,1,0.40893422028764526,1536,Lower,Pending human review
content_32f84f608abe,client_a88a7902cb,1,0.40888732598686217,1537,Lower,Pending human review
content_4cb2a0740a96,client_f74efabef1,0,0.4086704905179688,1538,Lower,Pending human review
content_eef4012d740c,client_f74efabef1,0,0.4086321441021598,1539,Lower,Pending human review
content_228ad182b267,client_9f14025af0,0,0.4084420820277415,1540,Lower,Pending human review
content_bcb327404db4,client_a88a7902cb,1,0.40843841878973003,1541,Lower,Pending human review
content_d87069e33fd6,client_f74efabef1,1,0.4079136604550035,1542,Lower,Pending human review
content_3ea9bb745861,client_a88a7902cb,0,0.40788280299941665,1543,Lower,Pending human review
content_328d470321f0,client_a88a7902cb,1,0.40777285645215106,1544,Lower,Pending human review
content_851086384a22,client_f74efabef1,1,0.4075101263951362,1545,Lower,Pending human review
content_83bfa95b66a4,client_a88a7902cb,1,0.40707112507905835,1546,Lower,Pending human review
content_051d99eb546b,client_a88a7902cb,1,0.4064881028703957,1547,Lower,Pending human review
content_1990156d7444,client_a88a7902cb,1,0.40643610009830805,1548,Lower,Pending human review
content_fe73f6bc73de,client_a88a7902cb,1,0.4063611754649495,1549,Lower,Pending human review
content_e9636b203185,client_624b60c58c,0,0.4062140637899102,1550,Lower,Pending human review
content_ec191dedcdb5,client_a88a7902cb,0,0.40567918877961995,1551,Lower,Pending human review
content_17ed699bc340,client_a88a7902cb,1,0.405626259016762,1552,Lower,Pending human review
content_20c83c3144ac,client_f74efabef1,0,0.4053961503255725,1553,Lower,Pending human review
content_e1ef43003fdd,client_a88a7902cb,1,0.4051720122787903,1554,Lower,Pending human review
content_a65fa49c2e79,client_f74efabef1,1,0.4050997434999223,1555,Lower,Pending human review
content_8ff28296677b,client_a88a7902cb,0,0.4050390198264475,1556,Lower,Pending human review
content_11e6ae071b59,client_9f14025af0,0,0.4043058155393679,1557,Lower,Pending human review
content_f28c8ca0ade7,client_a88a7902cb,0,0.40420187245580175,1558,Lower,Pending human review
content_0f2be543df13,client_a88a7902cb,1,0.4041791984939356,1559,Lower,Pending human review
content_1b27daca9012,client_9f14025af0,1,0.40364182962721984,1560,Lower,Pending human review
content_c06d9718f701,client_9f14025af0,0,0.4027545116973735,1561,Lower,Pending human review
content_b16e9f993843,client_a88a7902cb,1,0.40274092727096167,1562,Lower,Pending human review
content_72accc10d7e8,client_f74efabef1,1,0.40271558464125834,1563,Lower,Pending human review
content_84f778c03303,client_a88a7902cb,0,0.40244932121178323,1564,Lower,Pending human review
content_19fa6100f8e5,client_a88a7902cb,0,0.40231145657789585,1565,Lower,Pending human review
content_4999e06259d3,client_a88a7902cb,0,0.40207588639214875,1566,Lower,Pending human review
content_b1306fe21236,client_f74efabef1,1,0.4018508493509229,1567,Lower,Pending human review
content_d5eb40771460,client_a88a7902cb,0,0.401548650746122,1568,Lower,Pending human review
content_640710212bde,client_f74efabef1,0,0.401308493181937,1569,Lower,Pending human review
content_84e7b1e6b9be,client_a88a7902cb,0,0.4012118284744636,1570,Lower,Pending human review
content_3ce6893a1cae,client_a88a7902cb,1,0.4010908685155227,1571,Lower,Pending human review
content_ccb25f8cf5d5,client_a88a7902cb,0,0.4005196558541425,1572,Lower,Pending human review
content_03a51d7910f2,client_a88a7902cb,0,0.40003040129794076,1573,Lower,Pending human review
content_4eb1e7ec62d6,client_a88a7902cb,1,0.39993726059805557,1574,Lower,Pending human review
content_594c6643b538,client_a88a7902cb,1,0.39953862428343073,1575,Lower,Pending human review
content_f82a208dde73,client_a88a7902cb,0,0.3994854567916328,1576,Lower,Pending human review
content_86d7fb4b0cb2,client_a88a7902cb,0,0.3994794791339337,1577,Lower,Pending human review
content_51715e336a42,client_f74efabef1,0,0.3994005100634212,1578,Lower,Pending human review
content_d26ddad70cdb,client_a88a7902cb,1,0.3993591119915703,1579,Lower,Pending human review
content_99d227fef561,client_a88a7902cb,0,0.3986825401504089,1580,Lower,Pending human review
content_27f8e05531ff,client_9f14025af0,0,0.3986634643224044,1581,Lower,Pending human review
content_1e96c927d38a,client_a88a7902cb,1,0.39807263748558736,1582,Lower,Pending human review
content_b74368a30c26,client_a88a7902cb,1,0.3976486785672442,1583,Lower,Pending human review
content_b942759f2095,client_a88a7902cb,1,0.39714507806990185,1584,Lower,Pending human review
content_156ef5df1219,client_a88a7902cb,0,0.3970579354182113,1585,Lower,Pending human review
content_b1d57c876903,client_a88a7902cb,1,0.39480655049324553,1586,Lower,Pending human review
content_8c60c34ea4d7,client_a88a7902cb,1,0.3945914053242342,1587,Lower,Pending human review
content_e06633d908b8,client_f74efabef1,0,0.3943748681166809,1588,Lower,Pending human review
content_987da6440098,client_a88a7902cb,1,0.39411708689263103,1589,Lower,Pending human review
content_63ea0a0ddbcd,client_a88a7902cb,0,0.39374023490955035,1590,Lower,Pending human review
content_36202ad1a329,client_a88a7902cb,0,0.3936391512989834,1591,Lower,Pending human review
content_6696c433d61f,client_a88a7902cb,1,0.39324176422254353,1592,Lower,Pending human review
content_c8e3c2aa1385,client_a88a7902cb,1,0.39283046209530664,1593,Lower,Pending human review
content_f4a637a8dfde,client_a88a7902cb,1,0.39277181440556214,1594,Lower,Pending human review
content_643f585dc7f7,client_f74efabef1,0,0.39271097434006863,1595,Lower,Pending human review
content_16920aef6b9b,client_a88a7902cb,1,0.3923034545802521,1596,Lower,Pending human review
content_03e061f2851d,client_a88a7902cb,1,0.39216407002826714,1597,Lower,Pending human review
content_2ce09ee760d6,client_f74efabef1,0,0.39170399907667164,1598,Lower,Pending human review
content_669a866b963f,client_f74efabef1,0,0.3913765167186463,1599,Lower,Pending human review
content_249d1895d889,client_a88a7902cb,0,0.3913320667950539,1600,Lower,Pending human review
content_7de15a7a4c4a,client_a88a7902cb,0,0.391289482662083,1601,Lower,Pending human review
content_a0162e34ab87,client_a88a7902cb,1,0.39113174650316096,1602,Lower,Pending human review
content_979689b3b2a2,client_9f14025af0,0,0.39092557901180963,1603,Lower,Pending human review
content_f217aea7b3d6,client_a88a7902cb,0,0.3909168164710793,1604,Lower,Pending human review
content_34b95aa65f62,client_a88a7902cb,1,0.39058616298098986,1605,Lower,Pending human review
content_a802a1138da9,client_a88a7902cb,1,0.38996339297823257,1606,Lower,Pending human review
content_01db3b26b428,client_a88a7902cb,1,0.38920354859605266,1607,Lower,Pending human review
content_3344baf207d8,client_9f14025af0,0,0.38872539137573076,1608,Lower,Pending human review
content_4da278e9cdd2,client_a88a7902cb,1,0.38862915726670894,1609,Lower,Pending human review
content_7f18abf56b66,client_9f14025af0,1,0.38840507930364937,1610,Lower,Pending human review
content_f3f6bf41410b,client_a88a7902cb,1,0.3882926791572105,1611,Lower,Pending human review
content_90e21bb072c1,client_f74efabef1,1,0.38780356974605,1612,Lower,Pending human review
content_7ad9c69d6c12,client_a88a7902cb,1,0.3876602208188966,1613,Lower,Pending human review
content_4049eb08e77f,client_a88a7902cb,1,0.38714005888216446,1614,Lower,Pending human review
content_f10930228dff,client_f74efabef1,1,0.3866406232409902,1615,Lower,Pending human review
content_9863faed7637,client_a88a7902cb,1,0.3866054551242482,1616,Lower,Pending human review
content_cdeaa91ddaa5,client_a88a7902cb,0,0.3865078852687787,1617,Lower,Pending human review
content_725ae98958e1,client_a88a7902cb,0,0.3864108574548209,1618,Lower,Pending human review
content_c26450122713,client_a88a7902cb,1,0.3862970003027171,1619,Lower,Pending human review
content_e5e3090f8a09,client_a88a7902cb,1,0.38627665016677537,1620,Lower,Pending human review
content_2087141c51bb,client_a88a7902cb,0,0.38614741271193126,1621,Lower,Pending human review
content_dcda268c442b,client_a88a7902cb,1,0.3859373820350407,1622,Lower,Pending human review
content_93e0217c01fe,client_f74efabef1,1,0.3857545913294319,1623,Lower,Pending human review
content_f54459262ef9,client_a88a7902cb,1,0.38559506458444254,1624,Lower,Pending human review
content_671592b61c83,client_f74efabef1,1,0.38526111784586514,1625,Lower,Pending human review
content_58367d69934a,client_9f14025af0,1,0.38522927036008825,1626,Lower,Pending human review
content_ec70ea138701,client_a88a7902cb,0,0.38514623660566344,1627,Lower,Pending human review
content_fed423a4ef8e,client_a88a7902cb,0,0.3850672478343203,1628,Lower,Pending human review
content_036f2f54325a,client_f74efabef1,0,0.3846607121366593,1629,Lower,Pending human review
content_3be3190f1969,client_f74efabef1,0,0.38459062074284545,1630,Lower,Pending human review
content_2b4090ac48f7,client_f74efabef1,1,0.3845276891882454,1631,Lower,Pending human review
content_edcff7ebaffd,client_a88a7902cb,1,0.3844128048131649,1632,Lower,Pending human review
content_4b54784207d1,client_a88a7902cb,1,0.38414126816406646,1633,Lower,Pending human review
content_c566aa62aca7,client_a88a7902cb,1,0.3839391165166606,1634,Lower,Pending human review
content_ec184884cd1e,client_f74efabef1,1,0.3837189134684156,1635,Lower,Pending human review
content_f5ee17621665,client_f74efabef1,1,0.383629848364913,1636,Lower,Pending human review
content_4d0bfd07b069,client_f74efabef1,0,0.38350521045722813,1637,Lower,Pending human review
content_d083aab4c7fa,client_a88a7902cb,0,0.38289648938505266,1638,Lower,Pending human review
content_ad8281b7b870,client_f74efabef1,0,0.38284679248407666,1639,Lower,Pending human review
content_88379ac09e89,client_a88a7902cb,1,0.3826906880360543,1640,Lower,Pending human review
content_bbc1e7cdc298,client_a88a7902cb,0,0.3825704295477426,1641,Lower,Pending human review
content_cd43a31f0b06,client_a88a7902cb,0,0.3825118109507847,1642,Lower,Pending human review
content_9665dcb0bbd8,client_a88a7902cb,0,0.3823608219149573,1643,Lower,Pending human review
content_dd0832fa18af,client_a88a7902cb,1,0.38211391427279123,1644,Lower,Pending human review
content_916a067af296,client_f74efabef1,0,0.3820691946698253,1645,Lower,Pending human review
content_760a029ba681,client_f74efabef1,0,0.3819607031889429,1646,Lower,Pending human review
content_11d447878b12,client_f74efabef1,0,0.3818854542951446,1647,Lower,Pending human review
content_66a116641435,client_8b940be7fb,0,0.3816395096044934,1648,Lower,Pending human review
content_f0ca0302cd80,client_a88a7902cb,0,0.38087358118397,1649,Lower,Pending human review
content_ef51cab04b3c,client_a88a7902cb,0,0.38081911722881806,1650,Lower,Pending human review
content_a841f050e3ac,client_a88a7902cb,0,0.38066144659397555,1651,Lower,Pending human review
content_72fdbd287164,client_a88a7902cb,0,0.38015941558489846,1652,Lower,Pending human review
content_92319ec6fc44,client_a88a7902cb,0,0.3796150071407379,1653,Lower,Pending human review
content_c89743570f09,client_9f14025af0,1,0.37955943143635446,1654,Lower,Pending human review
content_f7d3b421f01e,client_a88a7902cb,0,0.3795270561306793,1655,Lower,Pending human review
content_74f1d141c9a2,client_f74efabef1,0,0.3794847437076294,1656,Lower,Pending human review
content_1de3e546b4e7,client_a88a7902cb,0,0.3792465224331499,1657,Lower,Pending human review
content_4fb8c05a40d8,client_a88a7902cb,0,0.3785193542945797,1658,Lower,Pending human review
content_a94ea937d4cc,client_f74efabef1,0,0.3783038690819971,1659,Lower,Pending human review
content_eb68e796cba8,client_a88a7902cb,1,0.3781658012404413,1660,Lower,Pending human review
content_7046d2e5ab19,client_a88a7902cb,1,0.3781569752866373,1661,Lower,Pending human review
content_9260dc380fd4,client_a88a7902cb,1,0.3776766613192774,1662,Lower,Pending human review
content_c2e1a268d789,client_a88a7902cb,0,0.3775753848331402,1663,Lower,Pending human review
content_d46b4ba1c540,client_a88a7902cb,0,0.37679903764609435,1664,Lower,Pending human review
content_afe3803c2562,client_9f14025af0,0,0.37549430174925713,1665,Lower,Pending human review
content_cf5fc820e2cd,client_a88a7902cb,1,0.37546179347165265,1666,Lower,Pending human review
content_f1983dbabb42,client_a88a7902cb,1,0.3751204754424596,1667,Lower,Pending human review
content_b62e10389c64,client_9f14025af0,0,0.37488829006233054,1668,Lower,Pending human review
content_c156a8ab04f5,client_f74efabef1,1,0.37420374684063445,1669,Lower,Pending human review
content_68663cd48ebd,client_a88a7902cb,1,0.37417369556881724,1670,Lower,Pending human review
content_484e62e41055,client_a88a7902cb,1,0.37410711277665976,1671,Lower,Pending human review
content_ed853ea55b67,client_9f14025af0,0,0.37409022238042566,1672,Lower,Pending human review
content_15d1d1dffb22,client_a88a7902cb,0,0.374042687441307,1673,Lower,Pending human review
content_71f6418b01ef,client_f74efabef1,0,0.3737431420002556,1674,Lower,Pending human review
content_7ec6521a11e0,client_f74efabef1,0,0.3737238502260266,1675,Lower,Pending human review
content_ae4fa173a28e,client_f74efabef1,1,0.3732338528177717,1676,Lower,Pending human review
content_5080f9f97d5d,client_a88a7902cb,1,0.3729423719507865,1677,Lower,Pending human review
content_4b9977a93186,client_f74efabef1,1,0.37293005768999016,1678,Lower,Pending human review
content_076f1d6358a2,client_9f14025af0,0,0.3720140865958552,1679,Lower,Pending human review
content_0ee71946cbad,client_f74efabef1,0,0.3716090398564971,1680,Lower,Pending human review
content_33f3a7b5aaf3,client_a88a7902cb,0,0.37130912631596585,1681,Lower,Pending human review
content_36f2a37368e3,client_f74efabef1,1,0.37088074855507197,1682,Lower,Pending human review
content_3613b834efd0,client_624b60c58c,0,0.3701624674749004,1683,Lower,Pending human review
content_c0dc7e3fb015,client_a88a7902cb,1,0.3697021110103542,1684,Lower,Pending human review
content_e42d8912bdcb,client_a88a7902cb,1,0.3691467921375842,1685,Lower,Pending human review
content_0645d6a4f8c9,client_f74efabef1,1,0.36732449281819746,1686,Lower,Pending human review
content_cece404a6ad9,client_a88a7902cb,1,0.3667667471627627,1687,Lower,Pending human review
content_dc934ee5ebd1,client_a88a7902cb,0,0.36676252745951343,1688,Lower,Pending human review
content_8e61a8de2e69,client_f74efabef1,0,0.3664352071286627,1689,Lower,Pending human review
content_32172659175d,client_f74efabef1,0,0.3664120960069221,1690,Lower,Pending human review
content_f10e5fbd5d00,client_a88a7902cb,1,0.36619912012049527,1691,Lower,Pending human review
content_e9766970210a,client_9f14025af0,0,0.3661821746289846,1692,Lower,Pending human review
content_32f151b81e70,client_a88a7902cb,1,0.36605322278960567,1693,Lower,Pending human review
content_d44276a58e65,client_9f14025af0,0,0.36590694995848766,1694,Lower,Pending human review
content_f76f6da19c24,client_a88a7902cb,1,0.3657993651130024,1695,Lower,Pending human review
content_af95c786a580,client_a88a7902cb,0,0.3637344698734517,1696,Lower,Pending human review
content_986ce1f28703,client_f74efabef1,1,0.36348426836711045,1697,Lower,Pending human review
content_fed80b21d2a4,client_f74efabef1,0,0.3633822356938664,1698,Lower,Pending human review
content_191361f9a4db,client_a88a7902cb,0,0.36329663400278644,1699,Lower,Pending human review
content_f9ec06267b86,client_a88a7902cb,1,0.36311551210551646,1700,Lower,Pending human review
content_d9b423074eae,client_a88a7902cb,1,0.3626829412038991,1701,Lower,Pending human review
content_a6075ace40bb,client_a88a7902cb,0,0.3623922559463464,1702,Lower,Pending human review
content_072ab0531040,client_f74efabef1,0,0.3619957525513839,1703,Lower,Pending human review
content_6541b38e6843,client_9f14025af0,1,0.3608752355558329,1704,Lower,Pending human review
content_4c64f2b49cc7,client_a88a7902cb,0,0.3607635558221177,1705,Lower,Pending human review
content_f8711a5f7d47,client_a88a7902cb,1,0.3607041938232372,1706,Lower,Pending human review
content_8a5f2202b2ae,client_f74efabef1,0,0.36027972130062735,1707,Lower,Pending human review
content_63f7f4dde486,client_a88a7902cb,1,0.3602071618812092,1708,Lower,Pending human review
content_5df0327662c3,client_f74efabef1,1,0.3598970805675579,1709,Lower,Pending human review
content_d648504a6018,client_f74efabef1,1,0.3598860981228017,1710,Lower,Pending human review
content_40d68dbbdee0,client_a88a7902cb,0,0.3594244848781997,1711,Lower,Pending human review
content_286f67b38b9c,client_a88a7902cb,1,0.35939891889818226,1712,Lower,Pending human review
content_b753de137b13,client_a88a7902cb,1,0.35908386612518783,1713,Lower,Pending human review
content_72202bc751ef,client_f74efabef1,1,0.3587774126750101,1714,Lower,Pending human review
content_ee1b0d51721b,client_f74efabef1,1,0.3585754657545391,1715,Lower,Pending human review
content_c28237cbd2b8,client_9f14025af0,1,0.3578872163997648,1716,Lower,Pending human review
content_743820ac9a57,client_9f14025af0,0,0.3575944147285356,1717,Lower,Pending human review
content_c30a465b1b09,client_a88a7902cb,1,0.357306701457213,1718,Lower,Pending human review
content_6ff33320c70e,client_9f14025af0,0,0.35723925582217136,1719,Lower,Pending human review
content_8583ff96969c,client_9f14025af0,0,0.356498819438134,1720,Lower,Pending human review
content_eb4c8f7b7466,client_a88a7902cb,0,0.35639896412798655,1721,Lower,Pending human review
content_7d110d17e203,client_a88a7902cb,1,0.3560390440534246,1722,Lower,Pending human review
content_a7e5da986948,client_f74efabef1,1,0.35586567562562227,1723,Lower,Pending human review
content_4c80a819239e,client_9f14025af0,1,0.3557770058339539,1724,Lower,Pending human review
content_6527de97efc6,client_f74efabef1,1,0.3557547210912712,1725,Lower,Pending human review
content_cd918b354604,client_9f14025af0,1,0.35564915071952263,1726,Lower,Pending human review
content_74652d21d350,client_9f14025af0,0,0.355560186298789,1727,Lower,Pending human review
content_458fe8c7a78f,client_a88a7902cb,0,0.3548250119354078,1728,Lower,Pending human review
content_a33756b40c36,client_f74efabef1,1,0.354551090250002,1729,Lower,Pending human review
content_6ef6f3f582d4,client_a88a7902cb,0,0.3543687860528208,1730,Lower,Pending human review
content_fe847f08bb74,client_9f14025af0,0,0.35395228045762867,1731,Lower,Pending human review
content_b36ab9f13f2b,client_9f14025af0,0,0.3534003244897613,1732,Lower,Pending human review
content_b4de3b03bb0b,client_f74efabef1,0,0.3521212265900475,1733,Lower,Pending human review
content_267e16d6b1b5,client_a88a7902cb,1,0.35210748578678386,1734,Lower,Pending human review
content_aac80c5e04c1,client_a88a7902cb,1,0.35194422132534986,1735,Lower,Pending human review
content_f7b690bf64cd,client_a88a7902cb,0,0.35185538213158674,1736,Lower,Pending human review
content_b424fa36cfc8,client_a88a7902cb,1,0.351305877990771,1737,Lower,Pending human review
content_dfb2711199c1,client_a88a7902cb,1,0.35068615455966323,1738,Lower,Pending human review
content_149958fca4b6,client_f74efabef1,1,0.3494015947402812,1739,Lower,Pending human review
content_00865c4622bb,client_a88a7902cb,0,0.3492519792765819,1740,Lower,Pending human review
content_6a49598f4e73,client_f74efabef1,1,0.3491090081282087,1741,Lower,Pending human review
content_fb8b3abe7331,client_a88a7902cb,0,0.3490282863915126,1742,Lower,Pending human review
content_565483f9a585,client_a88a7902cb,1,0.3489214913140958,1743,Lower,Pending human review
content_09452021d2ce,client_f74efabef1,0,0.34889710422592535,1744,Lower,Pending human review
content_0a8c4064b66d,client_a88a7902cb,1,0.3487532740812034,1745,Lower,Pending human review
content_c95b6b0e75ad,client_f74efabef1,1,0.348142259475983,1746,Lower,Pending human review
content_015e1eff2791,client_a88a7902cb,0,0.348031865806657,1747,Lower,Pending human review
content_faac44bf09ec,client_9f14025af0,0,0.34800979772423357,1748,Lower,Pending human review
content_2a47d5702903,client_a88a7902cb,1,0.3478160842107679,1749,Lower,Pending human review
content_87a6ebbf1586,client_a88a7902cb,0,0.34736902286373555,1750,Lower,Pending human review
content_3ee2154449b5,client_f74efabef1,0,0.3470430191120106,1751,Lower,Pending human review
content_c4ba4f2b83d7,client_9f14025af0,0,0.3469305771388461,1752,Lower,Pending human review
content_427336665eff,client_a88a7902cb,0,0.3463459136314203,1753,Lower,Pending human review
content_749a7d847c6c,client_a88a7902cb,1,0.3461184256480281,1754,Lower,Pending human review
content_e003c6897f5a,client_9f14025af0,0,0.3459271884888584,1755,Lower,Pending human review
content_1b44bd217e34,client_a88a7902cb,1,0.3449030405324676,1756,Lower,Pending human review
content_c416c8fde664,client_a88a7902cb,1,0.344315823169655,1757,Lower,Pending human review
content_444e0460603f,client_a88a7902cb,0,0.34375297203370553,1758,Lower,Pending human review
content_576b347eec3a,client_a88a7902cb,0,0.343582708599929,1759,Lower,Pending human review
content_9be7bcb3152d,client_a88a7902cb,0,0.343581469796033,1760,Lower,Pending human review
content_61e2567e54a3,client_a88a7902cb,1,0.3435813091540084,1761,Lower,Pending human review
content_df44ce688ab8,client_a88a7902cb,1,0.34353850361464633,1762,Lower,Pending human review
content_eb55c2045834,client_f74efabef1,0,0.34302464433013885,1763,Lower,Pending human review
content_7ad2b64a954f,client_a88a7902cb,1,0.34295081169511565,1764,Lower,Pending human review
content_5fa4f3d6d38b,client_a88a7902cb,1,0.3426645338754429,1765,Lower,Pending human review
content_90fa522e3288,client_f74efabef1,0,0.3420865754214954,1766,Lower,Pending human review
content_68c2f23b47d2,client_a88a7902cb,0,0.3420823809597249,1767,Lower,Pending human review
content_61a00093ffc8,client_f74efabef1,1,0.3420132817860529,1768,Lower,Pending human review
content_6db2cdbaaf09,client_a88a7902cb,0,0.3419505396295317,1769,Lower,Pending human review
content_004d8a5ce838,client_a88a7902cb,0,0.34171709963264496,1770,Lower,Pending human review
content_77d51bb7cce4,client_a88a7902cb,1,0.3416766137754639,1771,Lower,Pending human review
content_02cc691cde72,client_a88a7902cb,0,0.34129008032356456,1772,Lower,Pending human review
content_8f15424ec978,client_f74efabef1,1,0.34111424750346436,1773,Lower,Pending human review
content_b9708fa8ee3d,client_a88a7902cb,0,0.34107571659296015,1774,Lower,Pending human review
content_c7c5a660ade6,client_a88a7902cb,1,0.3410587437759269,1775,Lower,Pending human review
content_9ed574a3ba92,client_a88a7902cb,1,0.34073129500288524,1776,Lower,Pending human review
content_6c812b54d4aa,client_a88a7902cb,0,0.3407214110773107,1777,Lower,Pending human review
content_904a1eba1f4f,client_f74efabef1,0,0.33984652032002954,1778,Lower,Pending human review
content_6b57c87184ad,client_f74efabef1,0,0.3396064678982629,1779,Lower,Pending human review
content_388fb7521c5c,client_a88a7902cb,1,0.3392390866581793,1780,Lower,Pending human review
content_1d10e7f5bd9a,client_f74efabef1,0,0.33900018211665994,1781,Lower,Pending human review
content_c1897ee71cfe,client_a88a7902cb,1,0.33879006402638123,1782,Lower,Pending human review
content_929af08df0e0,client_f74efabef1,0,0.3387846397891491,1783,Lower,Pending human review
content_fd016feab3bc,client_f74efabef1,0,0.3380561584900626,1784,Lower,Pending human review
content_99f395346133,client_a88a7902cb,1,0.3376534467028449,1785,Lower,Pending human review
content_326e504e135b,client_9f14025af0,0,0.3373957734987954,1786,Lower,Pending human review
content_c82779681a4a,client_f74efabef1,1,0.3371968559996011,1787,Lower,Pending human review
content_46bdcd0cad8b,client_a88a7902cb,0,0.33714490643285944,1788,Lower,Pending human review
content_ea851c8c0ad2,client_f74efabef1,1,0.3370940142163057,1789,Lower,Pending human review
content_312e95ee84b9,client_a88a7902cb,1,0.33675342537033065,1790,Lower,Pending human review
content_896396ac94eb,client_a88a7902cb,0,0.33480263446225,1791,Lower,Pending human review
content_174ed2236b32,client_a88a7902cb,0,0.3346981348236318,1792,Lower,Pending human review
content_f7de2c48d051,client_f74efabef1,0,0.33447633324329384,1793,Lower,Pending human review
content_389fd04f2a91,client_a88a7902cb,1,0.3336099992442642,1794,Lower,Pending human review
content_39d912217273,client_a88a7902cb,1,0.3324718631105948,1795,Lower,Pending human review
content_fd371da0b6bd,client_a88a7902cb,1,0.33245571451507167,1796,Lower,Pending human review
content_c0f51bfbb462,client_9f14025af0,0,0.3322063569461078,1797,Lower,Pending human review
content_95504f8248ec,client_f74efabef1,0,0.3321647438429223,1798,Lower,Pending human review
content_b06198ab8de1,client_9f14025af0,1,0.33212003588861067,1799,Lower,Pending human review
content_4c738c0e3278,client_a88a7902cb,1,0.33198076644514374,1800,Lower,Pending human review
content_49f0ee3397dc,client_9f14025af0,1,0.3317375981674596,1801,Lower,Pending human review
content_b35732c9a4e4,client_a88a7902cb,0,0.33061943331173843,1802,Lower,Pending human review
content_bf33753aa0e3,client_a88a7902cb,0,0.330372027345953,1803,Lower,Pending human review
content_a1c65f070bad,client_9f14025af0,0,0.3298144657253499,1804,Lower,Pending human review
content_a51a70b6cbd2,client_a88a7902cb,0,0.32979754322276505,1805,Lower,Pending human review
content_ebbd5cadc8b5,client_a88a7902cb,0,0.3291039656846114,1806,Lower,Pending human review
content_a8ec87b28c83,client_a88a7902cb,0,0.32875604671379566,1807,Lower,Pending human review
content_1ea8731bcfa2,client_f74efabef1,0,0.32866593101172725,1808,Lower,Pending human review
content_d21a283845c2,client_f74efabef1,0,0.3271142498925755,1809,Lower,Pending human review
content_9ea6f2721056,client_a88a7902cb,0,0.3265187319659415,1810,Lower,Pending human review
content_fa334bc09f77,client_a88a7902cb,1,0.3265064010984744,1811,Lower,Pending human review
content_81d13201d6cc,client_a88a7902cb,0,0.3262159042468399,1812,Lower,Pending human review
content_6e58dbfd9e9c,client_a88a7902cb,1,0.3261793687529143,1813,Lower,Pending human review
content_4d289a505f64,client_a88a7902cb,0,0.3258613259759449,1814,Lower,Pending human review
content_1bc3ebc03ba9,client_a88a7902cb,0,0.3257088165933774,1815,Lower,Pending human review
content_fa5541f99996,client_a88a7902cb,1,0.32539524106921774,1816,Lower,Pending human review
content_39e3d3ab57de,client_f74efabef1,0,0.3252781749841343,1817,Lower,Pending human review
content_ffa3436e1d30,client_624b60c58c,0,0.32313060892784895,1818,Lower,Pending human review
content_32241c451720,client_a88a7902cb,0,0.3231116616653141,1819,Lower,Pending human review
content_0a4f4442a216,client_9f14025af0,0,0.3227913212120952,1820,Lower,Pending human review
content_4cb6d7fd048a,client_9f14025af0,0,0.32251395414694173,1821,Lower,Pending human review
content_efca0a1fb6a7,client_9f14025af0,1,0.3215722305222884,1822,Lower,Pending human review
content_9d2a1effb4a8,client_a88a7902cb,1,0.3212616583171653,1823,Lower,Pending human review
content_38091d635278,client_a88a7902cb,0,0.3210864429967064,1824,Lower,Pending human review
content_5f5b48d17daa,client_9f14025af0,1,0.3203869492435149,1825,Lower,Pending human review
content_5796d824e0df,client_f74efabef1,0,0.32027355580308375,1826,Lower,Pending human review
content_0be88b7c1f24,client_9f14025af0,0,0.32016122935766056,1827,Lower,Pending human review
content_b76f3e41c39b,client_a88a7902cb,0,0.3198567105933885,1828,Lower,Pending human review
content_6075a2e14e83,client_a88a7902cb,0,0.3193408413962333,1829,Lower,Pending human review
content_384c84204ae4,client_9f14025af0,0,0.3188601618139072,1830,Lower,Pending human review
content_989a6f7fa584,client_a88a7902cb,0,0.3181107809239615,1831,Lower,Pending human review
content_04f21d956d8b,client_9f14025af0,0,0.31781461710504827,1832,Lower,Pending human review
content_2904469ee111,client_a88a7902cb,1,0.31766288084297256,1833,Lower,Pending human review
content_8a3f8b3580e6,client_9f14025af0,0,0.3176499531711922,1834,Lower,Pending human review
content_a5e1a62a38ab,client_f74efabef1,1,0.31735408720249,1835,Lower,Pending human review
content_b043b8f9336d,client_9f14025af0,0,0.3170314635381323,1836,Lower,Pending human review
content_bfdc12929209,client_9f14025af0,0,0.31683390409897166,1837,Lower,Pending human review
content_9d6df79faf81,client_f74efabef1,1,0.31673691731089487,1838,Lower,Pending human review
content_a353d7ce1f06,client_a88a7902cb,1,0.3163981926994057,1839,Lower,Pending human review
content_95277c48aa39,client_a88a7902cb,1,0.3160285358006929,1840,Lower,Pending human review
content_a8c6c965ccb3,client_a88a7902cb,0,0.3159783990314356,1841,Lower,Pending human review
content_05e1a277617c,client_a88a7902cb,0,0.3157523504927905,1842,Lower,Pending human review
content_5201a113b7f5,client_a88a7902cb,1,0.31525665531156516,1843,Lower,Pending human review
content_344ff941fb65,client_a88a7902cb,1,0.31517200607873164,1844,Lower,Pending human review
content_0c1ebcc7d836,client_f74efabef1,0,0.31498014375312167,1845,Lower,Pending human review
content_9f787a5d8e6f,client_f74efabef1,0,0.314095081999766,1846,Lower,Pending human review
content_6e2186d1a86f,client_f74efabef1,1,0.3140627280174935,1847,Lower,Pending human review
content_43a6c0d99779,client_f74efabef1,0,0.31379998110803403,1848,Lower,Pending human review
content_7a74196b98f5,client_a88a7902cb,0,0.3132399631210569,1849,Lower,Pending human review
content_e2c0bda43874,client_a88a7902cb,0,0.31229031560201,1850,Lower,Pending human review
content_f91cf77390b0,client_a88a7902cb,1,0.31210866083407035,1851,Lower,Pending human review
content_d7fb78e4b7de,client_a88a7902cb,0,0.3120729652359689,1852,Lower,Pending human review
content_055251b0c899,client_9f14025af0,0,0.3119370419666857,1853,Lower,Pending human review
content_258680c5da73,client_f74efabef1,1,0.31185507849765803,1854,Lower,Pending human review
content_aa2ee8f3c782,client_9f14025af0,0,0.31117464601756617,1855,Lower,Pending human review
content_10059f79abf9,client_a88a7902cb,1,0.3110921631087806,1856,Lower,Pending human review
content_7d12576df6e1,client_a88a7902cb,0,0.3107127868475911,1857,Lower,Pending human review
content_d6d5bc71c047,client_9f14025af0,1,0.310578260749769,1858,Lower,Pending human review
content_0570b79cbd58,client_9f14025af0,0,0.31049203616503973,1859,Lower,Pending human review
content_50e9ab9ec96a,client_9f14025af0,0,0.30985933404289157,1860,Lower,Pending human review
content_fceac7bde903,client_a88a7902cb,1,0.30973191478243184,1861,Lower,Pending human review
content_00603b0349b4,client_f74efabef1,0,0.3095538793335311,1862,Lower,Pending human review
content_d841a140ffdb,client_f74efabef1,0,0.30920962874603364,1863,Lower,Pending human review
content_a33dece64921,client_a88a7902cb,1,0.3089715938318908,1864,Lower,Pending human review
content_574d65e2f55a,client_a88a7902cb,1,0.30818079716105434,1865,Lower,Pending human review
content_0156680e0d7a,client_a88a7902cb,0,0.3076946530955685,1866,Lower,Pending human review
content_51798ee7abee,client_9f14025af0,0,0.3076855546335237,1867,Lower,Pending human review
content_2db65610deef,client_a88a7902cb,0,0.30755584602674796,1868,Lower,Pending human review
content_bc8459b987c6,client_a88a7902cb,0,0.30755529437488505,1869,Lower,Pending human review
content_19e7842ebc63,client_9f14025af0,0,0.30718758437153487,1870,Lower,Pending human review
content_af146a5ffacf,client_f74efabef1,0,0.3069580569042057,1871,Lower,Pending human review
content_b651420474f9,client_f74efabef1,0,0.3068897501599551,1872,Lower,Pending human review
content_b20535697753,client_9f14025af0,1,0.3064912781245149,1873,Lower,Pending human review
content_52f107b1f722,client_f74efabef1,0,0.3061544218487002,1874,Lower,Pending human review
content_9a01a093baa0,client_a88a7902cb,1,0.30575808320066655,1875,Lower,Pending human review
content_9e45438d9f45,client_a88a7902cb,0,0.3048901882426206,1876,Lower,Pending human review
content_1656f1ae6521,client_f74efabef1,1,0.30473351814355937,1877,Lower,Pending human review
content_6f22a60da13b,client_a88a7902cb,0,0.30450469753292886,1878,Lower,Pending human review
content_2110a5a786b6,client_f74efabef1,0,0.3044500380568664,1879,Lower,Pending human review
content_20da4b21163d,client_f74efabef1,1,0.3042844058512146,1880,Lower,Pending human review
content_7a9170b771af,client_f74efabef1,0,0.3035690404467292,1881,Lower,Pending human review
content_5a23c49c217e,client_f74efabef1,0,0.3033692027388823,1882,Lower,Pending human review
content_4792c7245200,client_a88a7902cb,0,0.3033437165036405,1883,Lower,Pending human review
content_26f40e1cc860,client_9f14025af0,0,0.3031041047310407,1884,Lower,Pending human review
content_1cb354dc8c76,client_f74efabef1,1,0.30308874196930774,1885,Lower,Pending human review
content_00b71c2d89c4,client_a88a7902cb,1,0.30305967336149087,1886,Lower,Pending human review
content_2acabcc66d4d,client_a88a7902cb,0,0.3023644775824986,1887,Lower,Pending human review
content_c29c455034ba,client_a88a7902cb,0,0.30184130384669955,1888,Lower,Pending human review
content_961ee2cc40d4,client_f74efabef1,0,0.30177984808652075,1889,Lower,Pending human review
content_5b042505aecb,client_f74efabef1,0,0.3016815033738857,1890,Lower,Pending human review
content_9ab8a03300dc,client_a88a7902cb,1,0.3016561885443428,1891,Lower,Pending human review
content_5ecbb34faa5d,client_f74efabef1,1,0.3016525247152151,1892,Lower,Pending human review
content_04af129f82f2,client_a88a7902cb,1,0.3010087393286224,1893,Lower,Pending human review
content_3e61271fbb87,client_a88a7902cb,1,0.29988756601947636,1894,Lower,Pending human review
content_ba90bd76636c,client_a88a7902cb,0,0.29906237570316635,1895,Lower,Pending human review
content_93cde8a83071,client_f74efabef1,0,0.2988460341067121,1896,Lower,Pending human review
content_d28bf3c79dbf,client_a88a7902cb,0,0.2982872990651458,1897,Lower,Pending human review
content_0d9c4b839f7f,client_9f14025af0,1,0.29823145372564436,1898,Lower,Pending human review
content_a4f9f76e3a49,client_f74efabef1,1,0.2981474277637708,1899,Lower,Pending human review
content_9cad724920c9,client_f74efabef1,1,0.29712865839286917,1900,Lower,Pending human review
content_2a0d93e5fed8,client_9f14025af0,0,0.29687255357423076,1901,Lower,Pending human review
content_df298d6de8be,client_a88a7902cb,1,0.2967117282464167,1902,Lower,Pending human review
content_3f7dabfd34a1,client_f74efabef1,0,0.2960778786482977,1903,Lower,Pending human review
content_decaa3a41ec4,client_9f14025af0,0,0.29469619884484943,1904,Lower,Pending human review
content_dfce82404813,client_9f14025af0,1,0.2938149606231235,1905,Lower,Pending human review
content_5bd599af88d8,client_a88a7902cb,0,0.2935652042451295,1906,Lower,Pending human review
content_6331b8a6b8b6,client_a88a7902cb,0,0.2935192396272705,1907,Lower,Pending human review
content_cf7cce7dd8c9,client_9f14025af0,0,0.29265668267087674,1908,Lower,Pending human review
content_13511bc7cc08,client_a88a7902cb,1,0.2918893016454317,1909,Lower,Pending human review
content_1c65094a9237,client_9f14025af0,0,0.2899825960320083,1910,Lower,Pending human review
content_6cf4ef1b40ba,client_a88a7902cb,0,0.2896609475286278,1911,Lower,Pending human review
content_831ee007e1e2,client_f74efabef1,0,0.2894624016087876,1912,Lower,Pending human review
content_2d1de7c67f89,client_9f14025af0,0,0.2892838324692106,1913,Lower,Pending human review
content_eb28741ff2bd,client_9f14025af0,1,0.2881292950160024,1914,Lower,Pending human review
content_79ac977c6e0b,client_f74efabef1,1,0.28797952683114064,1915,Lower,Pending human review
content_f83003a037ad,client_9f14025af0,1,0.28732313010641225,1916,Lower,Pending human review
content_1c36fc0c0650,client_a88a7902cb,1,0.28721697026985543,1917,Lower,Pending human review
content_119438e47da5,client_a88a7902cb,0,0.2868289874367106,1918,Lower,Pending human review
content_89685a4bc632,client_9f14025af0,1,0.28681069197255926,1919,Lower,Pending human review
content_05f0b29e47ad,client_f74efabef1,0,0.2865820770644799,1920,Lower,Pending human review
content_c8cc272bb4f6,client_9f14025af0,0,0.28640864500262936,1921,Lower,Pending human review
content_d58a01791add,client_a88a7902cb,1,0.28614532894590683,1922,Lower,Pending human review
content_696c3cccc2e3,client_a88a7902cb,0,0.28545010704180634,1923,Lower,Pending human review
content_d88597db71ca,client_a88a7902cb,0,0.28520597153816535,1924,Lower,Pending human review
content_9b76819f95bf,client_a88a7902cb,0,0.28516247483884305,1925,Lower,Pending human review
content_8155d7a03c6c,client_f74efabef1,0,0.2850175955789945,1926,Lower,Pending human review
content_d6babbc71062,client_f74efabef1,0,0.28501380963663747,1927,Lower,Pending human review
content_caeeaec34934,client_f74efabef1,0,0.28481378098861365,1928,Lower,Pending human review
content_38b820f9ae9f,client_9f14025af0,1,0.2843082427471314,1929,Lower,Pending human review
content_2f3cb5cb7bd3,client_f74efabef1,0,0.2832570817157775,1930,Lower,Pending human review
content_74d6d4d46019,client_9f14025af0,1,0.2830773484718707,1931,Lower,Pending human review
content_f6a182402b80,client_a88a7902cb,0,0.28170809551144577,1932,Lower,Pending human review
content_7219dc2fd1fc,client_f74efabef1,0,0.28135364475388985,1933,Lower,Pending human review
content_895aad51d645,client_a88a7902cb,1,0.2812876468514024,1934,Lower,Pending human review
content_bd1b30c08d63,client_9f14025af0,0,0.2812079984695326,1935,Lower,Pending human review
content_15f4ea33af22,client_f74efabef1,0,0.28068435700563765,1936,Lower,Pending human review
content_364bbf7457c9,client_a88a7902cb,1,0.27944623820165354,1937,Lower,Pending human review
content_7db9f03bbcd4,client_9f14025af0,1,0.2792955781754952,1938,Lower,Pending human review
content_8902e63ab0b6,client_9f14025af0,0,0.27927177441866197,1939,Lower,Pending human review
content_11d3ce27f6c1,client_f74efabef1,1,0.27924509690434823,1940,Lower,Pending human review
content_a83ed1aa5716,client_a88a7902cb,1,0.2788092645082627,1941,Lower,Pending human review
content_90f58e234e41,client_9f14025af0,0,0.27866285474484426,1942,Lower,Pending human review
content_cd6d051fac0f,client_a88a7902cb,0,0.2777257279579337,1943,Lower,Pending human review
content_8678c41cacb4,client_a88a7902cb,0,0.27711443391436247,1944,Lower,Pending human review
content_d66743c74ba8,client_9f14025af0,0,0.2770132939782229,1945,Lower,Pending human review
content_aa9d3a51bb6d,client_a88a7902cb,1,0.2769048332926313,1946,Lower,Pending human review
content_04e19fb6d946,client_a88a7902cb,1,0.2764420934805802,1947,Lower,Pending human review
content_397c16bcac3f,client_f74efabef1,0,0.27517945447946607,1948,Lower,Pending human review
content_4b0053e9cb17,client_a88a7902cb,0,0.2751077491503276,1949,Lower,Pending human review
content_29ec1008c834,client_9f14025af0,0,0.2748045830784932,1950,Lower,Pending human review
content_9e0e72b55bf4,client_9f14025af0,0,0.27418933429693765,1951,Lower,Pending human review
content_8b922de31e48,client_9f14025af0,0,0.2739267212650191,1952,Lower,Pending human review
content_4eb349e1b795,client_9f14025af0,0,0.2730876447832202,1953,Lower,Pending human review
content_5bb206fb59e5,client_9f14025af0,0,0.2724070959708473,1954,Lower,Pending human review
content_290cbea503e3,client_9f14025af0,0,0.271898334176211,1955,Lower,Pending human review
content_0a38e6198d69,client_f74efabef1,0,0.2712204940366594,1956,Lower,Pending human review
content_b96873ca64c1,client_9f14025af0,0,0.2711430248344328,1957,Lower,Pending human review
content_147a45606a96,client_a88a7902cb,1,0.26997311980254296,1958,Lower,Pending human review
content_4ceac9c673c8,client_f74efabef1,0,0.26956989210002624,1959,Lower,Pending human review
content_69669c994fcd,client_f74efabef1,0,0.26941898262323527,1960,Lower,Pending human review
content_eefeefa2f655,client_9f14025af0,0,0.26936800109239806,1961,Lower,Pending human review
content_2ced5c064e58,client_9f14025af0,0,0.269116381376613,1962,Lower,Pending human review
content_184dc1d69279,client_f74efabef1,0,0.2689044406194049,1963,Lower,Pending human review
content_e54ef807527b,client_9f14025af0,0,0.2686379760606991,1964,Lower,Pending human review
content_31e70284e7b0,client_9f14025af0,0,0.26859146545398077,1965,Lower,Pending human review
content_d5ab35d2f20a,client_9f14025af0,0,0.26830107284413324,1966,Lower,Pending human review
content_1d36d6a827ee,client_f74efabef1,1,0.2682565449020482,1967,Lower,Pending human review
content_87e13ad7be3b,client_f74efabef1,1,0.2671768488640448,1968,Lower,Pending human review
content_d55eb9f556cf,client_f74efabef1,0,0.2667274623273089,1969,Lower,Pending human review
content_6b1f3e77da4d,client_a88a7902cb,1,0.26642360057468834,1970,Lower,Pending human review
content_182836721d18,client_8b940be7fb,0,0.2663634779396866,1971,Lower,Pending human review
content_8032ad995e15,client_f74efabef1,0,0.2663242244116798,1972,Lower,Pending human review
content_d1379d964780,client_f74efabef1,1,0.2659309745762489,1973,Lower,Pending human review
content_336a0d997474,client_9f14025af0,0,0.26512844185598206,1974,Lower,Pending human review
content_3921b71758bb,client_a88a7902cb,0,0.26511776507525037,1975,Lower,Pending human review
content_3c2e5d94d565,client_9f14025af0,0,0.26468878660236134,1976,Lower,Pending human review
content_a4b99cb4701e,client_a88a7902cb,0,0.2646569816523162,1977,Lower,Pending human review
content_b86095a42121,client_9f14025af0,0,0.26443067694313005,1978,Lower,Pending human review
content_82e3dc41af4d,client_f74efabef1,0,0.26364066160156013,1979,Lower,Pending human review
content_9a73f3d8dc01,client_f74efabef1,0,0.26363942932111367,1980,Lower,Pending human review
content_7a332b9dd113,client_f74efabef1,0,0.2635103628680697,1981,Lower,Pending human review
content_ec8c0cf50da7,client_9f14025af0,0,0.26342822549721356,1982,Lower,Pending human review
content_d9a302271358,client_9f14025af0,0,0.26341884066442295,1983,Lower,Pending human review
content_5fa3d9ece71b,client_a88a7902cb,0,0.2634021580034342,1984,Lower,Pending human review
content_9dbeea479aae,client_9f14025af0,0,0.2631452520527869,1985,Lower,Pending human review
content_d8c60980fcfd,client_f74efabef1,0,0.26311806379131425,1986,Lower,Pending human review
content_3bb9c37b9e73,client_9f14025af0,0,0.26290652757464544,1987,Lower,Pending human review
content_eae0fa00b82b,client_9f14025af0,0,0.2627154956970784,1988,Lower,Pending human review
content_6c36396adb50,client_9f14025af0,1,0.262628828282088,1989,Lower,Pending human review
content_b5c3a038ee4b,client_9f14025af0,0,0.26248487293531075,1990,Lower,Pending human review
content_374407835210,client_9f14025af0,0,0.26248189871234423,1991,Lower,Pending human review
content_63f6e0657ea9,client_f74efabef1,0,0.2622228472966519,1992,Lower,Pending human review
content_2c42cef76274,client_9f14025af0,0,0.2620455764490909,1993,Lower,Pending human review
content_b68a9e38149c,client_9f14025af0,0,0.26122331640334306,1994,Lower,Pending human review
content_5bc01fbbc7b5,client_9f14025af0,0,0.26115153930874324,1995,Lower,Pending human review
content_309137a71858,client_9f14025af0,0,0.26098175325759865,1996,Lower,Pending human review
content_7c86f0b97ab7,client_f74efabef1,0,0.2608778136439277,1997,Lower,Pending human review
content_45422b0aff7b,client_a88a7902cb,1,0.2607485511505913,1998,Lower,Pending human review
content_0496a83be8c6,client_f74efabef1,0,0.2605365247076219,1999,Lower,Pending human review
content_6cff33402941,client_9f14025af0,0,0.2598200186521896,2000,Lower,Pending human review
content_8b001927c66e,client_9f14025af0,0,0.2596481495682628,2001,Lower,Pending human review
content_05203b585cdd,client_9f14025af0,0,0.2595586578868844,2002,Lower,Pending human review
content_6c56c0675297,client_9f14025af0,0,0.25955331213218163,2003,Lower,Pending human review
content_1a92e33984da,client_9f14025af0,0,0.2595103217483333,2004,Lower,Pending human review
content_2ecaf151826f,client_9f14025af0,0,0.25882966426873355,2005,Lower,Pending human review
content_f034e3366112,client_a88a7902cb,1,0.25851239914661983,2006,Lower,Pending human review
content_9fa888cf46e4,client_9f14025af0,0,0.2584376340107062,2007,Lower,Pending human review
content_b6f725b24d80,client_f74efabef1,0,0.25839963807362654,2008,Lower,Pending human review
content_bd1cb333af49,client_9f14025af0,1,0.2583802299248564,2009,Lower,Pending human review
content_c05e35fccf79,client_9f14025af0,0,0.2582950474729644,2010,Lower,Pending human review
content_684609fd36c7,client_9f14025af0,0,0.2582839334163035,2011,Lower,Pending human review
content_c75c83169272,client_9f14025af0,0,0.25810135620016034,2012,Lower,Pending human review
content_72c2a50eee7b,client_9f14025af0,0,0.25804426573971845,2013,Lower,Pending human review
content_1052ca7f9556,client_9f14025af0,0,0.25793343135909225,2014,Lower,Pending human review
content_4e95a8389562,client_9f14025af0,0,0.25775100009379587,2015,Lower,Pending human review
content_ff4c72980a9e,client_9f14025af0,0,0.25744473670761425,2016,Lower,Pending human review
content_daa53fb38efa,client_f74efabef1,0,0.257200627205732,2017,Lower,Pending human review
content_c4a655c62f37,client_624b60c58c,0,0.2571779257186839,2018,Lower,Pending human review
content_5e8319b654ef,client_a88a7902cb,0,0.2569686043849507,2019,Lower,Pending human review
content_a19d12c3f18b,client_9f14025af0,0,0.25664697286322885,2020,Lower,Pending human review
content_b5d8fcbd8f13,client_f74efabef1,0,0.2563604621661722,2021,Lower,Pending human review
content_d6805dd7a73f,client_9f14025af0,0,0.2561978015386413,2022,Lower,Pending human review
content_1c296862b855,client_9f14025af0,0,0.25610556833469533,2023,Lower,Pending human review
content_01f5accd848a,client_9f14025af0,0,0.25606819317769197,2024,Lower,Pending human review
content_728e5efc7ed3,client_9f14025af0,0,0.25593515807758016,2025,Lower,Pending human review
content_de64cdef1140,client_a88a7902cb,0,0.25584142123384573,2026,Lower,Pending human review
content_33889eb823de,client_9f14025af0,0,0.2556333360899543,2027,Lower,Pending human review
content_d33557a48a08,client_9f14025af0,0,0.2556246318652257,2028,Lower,Pending human review
content_bb94c8783267,client_9f14025af0,0,0.25550565910859374,2029,Lower,Pending human review
content_61f1696827fb,client_a88a7902cb,1,0.25482614398222775,2030,Lower,Pending human review
content_d4b9b6d734ab,client_9f14025af0,0,0.25450714618312525,2031,Lower,Pending human review
content_e8cc31a54ec0,client_9f14025af0,0,0.25443432799378096,2032,Lower,Pending human review
content_397c3fd4ec98,client_9f14025af0,0,0.2544032863392978,2033,Lower,Pending human review
content_026291f3d24a,client_9f14025af0,0,0.25432330661611,2034,Lower,Pending human review
content_2e2636503a92,client_9f14025af0,0,0.25404597710646,2035,Lower,Pending human review
content_087f25a29931,client_a88a7902cb,0,0.25392765321845806,2036,Lower,Pending human review
content_6c493eca4170,client_9f14025af0,0,0.2538904014292672,2037,Lower,Pending human review
content_0008d03a5c6c,client_9f14025af0,0,0.2538499773363103,2038,Lower,Pending human review
content_77f9c18220c4,client_9f14025af0,0,0.25380262769356543,2039,Lower,Pending human review
content_feb706a6b155,client_9f14025af0,0,0.25375682811754746,2040,Lower,Pending human review
content_f11a8adddace,client_f74efabef1,0,0.25364399465721943,2041,Lower,Pending human review
content_0e7aa0ddb3c3,client_f74efabef1,0,0.253352803880151,2042,Lower,Pending human review
content_6bca373d8751,client_9f14025af0,0,0.25234223872078404,2043,Lower,Pending human review
content_3b1f389c68bb,client_a88a7902cb,0,0.25217717087304453,2044,Lower,Pending human review
content_f5aa645b8999,client_f74efabef1,0,0.25153870736098394,2045,Lower,Pending human review
content_7c9856e1d8cf,client_9f14025af0,0,0.2511516146338863,2046,Lower,Pending human review
content_26e6a134a723,client_9f14025af0,0,0.25085445966016584,2047,Lower,Pending human review
content_9311b7a42b90,client_f74efabef1,0,0.2507135072552447,2048,Lower,Pending human review
content_50eb68ba8b50,client_9f14025af0,0,0.2506138437218515,2049,Lower,Pending human review
content_2c2b1af1f18d,client_9f14025af0,0,0.25030382238382665,2050,Lower,Pending human review
content_03ef3b806c82,client_f74efabef1,0,0.2503009377670523,2051,Lower,Pending human review
content_f42bc2fc4201,client_9f14025af0,0,0.2502644383484824,2052,Lower,Pending human review
content_3ec2a529fa66,client_9f14025af0,0,0.24983955618101752,2053,Lower,Pending human review
content_5db469b54318,client_9f14025af0,0,0.24961677629049012,2054,Lower,Pending human review
content_2a1df05be9b1,client_a88a7902cb,0,0.24956724883992026,2055,Lower,Pending human review
content_8348ce383643,client_9f14025af0,0,0.2493386175369218,2056,Lower,Pending human review
content_0c8fc3473317,client_a88a7902cb,0,0.24848981535638903,2057,Lower,Pending human review
content_e1b2c7ae3884,client_a88a7902cb,0,0.2482755912928047,2058,Lower,Pending human review
content_f9463f724678,client_9f14025af0,0,0.24797119967521417,2059,Lower,Pending human review
content_3395ba6293d3,client_a88a7902cb,0,0.2473060085570918,2060,Lower,Pending human review
content_49916ee0d883,client_9f14025af0,0,0.2471388499015728,2061,Lower,Pending human review
content_9312dcafe20c,client_a88a7902cb,0,0.2469979878452211,2062,Lower,Pending human review
content_af300a403041,client_f74efabef1,0,0.24692006124256013,2063,Lower,Pending human review
content_d31f4535caf1,client_9f14025af0,0,0.246327502807561,2064,Lower,Pending human review
content_2d25c0041284,client_f74efabef1,0,0.24595436394654305,2065,Lower,Pending human review
content_058c1c4c4362,client_9f14025af0,0,0.24588086327855757,2066,Lower,Pending human review
content_7deb2f4f36ce,client_a88a7902cb,0,0.24514195271698105,2067,Lower,Pending human review
content_e1f00d5f0d0c,client_9f14025af0,0,0.24440964419056527,2068,Lower,Pending human review
content_38d9e5df50d8,client_9f14025af0,0,0.24434735541256386,2069,Lower,Pending human review
content_647858de21b0,client_a88a7902cb,0,0.2443253598386055,2070,Lower,Pending human review
content_589277e349b5,client_f74efabef1,0,0.2441953604365537,2071,Lower,Pending human review
content_0b34a5144c14,client_a88a7902cb,0,0.244129156346693,2072,Lower,Pending human review
content_b481135da14b,client_a88a7902cb,0,0.24399360973267467,2073,Lower,Pending human review
content_3e79eaafc89d,client_f74efabef1,0,0.2438769304894072,2074,Lower,Pending human review
content_c2be887148af,client_f74efabef1,0,0.2438413013601821,2075,Lower,Pending human review
content_9a9fe9053852,client_a88a7902cb,1,0.24357235064519211,2076,Lower,Pending human review
content_480893a75380,client_9f14025af0,0,0.24292927333594677,2077,Lower,Pending human review
content_7bee28d5fccc,client_9f14025af0,0,0.24059725753739045,2078,Lower,Pending human review
content_3dad59f04181,client_9f14025af0,1,0.2398016021407853,2079,Lower,Pending human review
content_8d71e9e30a4a,client_a88a7902cb,0,0.239641316104483,2080,Lower,Pending human review
content_5b20d1fcad57,client_9f14025af0,0,0.23937340570762813,2081,Lower,Pending human review
content_351ae550841b,client_f74efabef1,0,0.23927674797791407,2082,Lower,Pending human review
content_8a80ae32342f,client_9f14025af0,0,0.23912715676825727,2083,Lower,Pending human review
content_34ecaf063087,client_9f14025af0,0,0.2385101472894716,2084,Lower,Pending human review
content_8966697301a8,client_9f14025af0,0,0.23820804230672293,2085,Lower,Pending human review
content_af01686cdf80,client_9f14025af0,0,0.23797454137403332,2086,Lower,Pending human review
content_dcec567d97a6,client_a88a7902cb,0,0.23697242926754614,2087,Lower,Pending human review
content_733a39538204,client_f74efabef1,0,0.236534146041182,2088,Lower,Pending human review
content_cca44150b924,client_f74efabef1,0,0.23635480861317315,2089,Lower,Pending human review
content_3d3b6e494cc3,client_9f14025af0,0,0.23626749299147234,2090,Lower,Pending human review
content_ccb9c2e90b24,client_9f14025af0,0,0.23606377585985394,2091,Lower,Pending human review
content_1b875d769b1f,client_9f14025af0,0,0.23573378177753707,2092,Lower,Pending human review
content_adba95620ed6,client_a88a7902cb,0,0.23569556407423425,2093,Lower,Pending human review
content_6dd25c40220c,client_a88a7902cb,0,0.23531018980094423,2094,Lower,Pending human review
content_a71572e22b2c,client_9f14025af0,0,0.23525411430256515,2095,Lower,Pending human review
content_a8ad87427af2,client_f74efabef1,0,0.2350977916629306,2096,Lower,Pending human review
content_479a90a57794,client_9f14025af0,1,0.23468892344157136,2097,Lower,Pending human review
content_b88c26312be3,client_9f14025af0,0,0.23428847137124045,2098,Lower,Pending human review
content_e6f4c38026ed,client_f74efabef1,0,0.23422242328488438,2099,Lower,Pending human review
content_b49d6964eebd,client_9f14025af0,0,0.23377476847695727,2100,Lower,Pending human review
content_73096e3725d7,client_9f14025af0,1,0.23288325743743335,2101,Lower,Pending human review
content_0ca2c0cace6a,client_a88a7902cb,0,0.23196278349749938,2102,Lower,Pending human review
content_5303b57911a1,client_9f14025af0,1,0.2317286258766915,2103,Lower,Pending human review
content_4f64fc6d61b4,client_f74efabef1,0,0.231686549399305,2104,Lower,Pending human review
content_39381b88959f,client_a88a7902cb,0,0.23147048420594085,2105,Lower,Pending human review
content_6ba1caf444cd,client_9f14025af0,0,0.23087316649919729,2106,Lower,Pending human review
content_27dacf4b6052,client_f74efabef1,0,0.2293372978739402,2107,Lower,Pending human review
content_5379560ed652,client_9f14025af0,0,0.22891075451645632,2108,Lower,Pending human review
content_4ef406aa3516,client_f74efabef1,0,0.22868670986398237,2109,Lower,Pending human review
content_7906e807eb82,client_a88a7902cb,0,0.22864641546602438,2110,Lower,Pending human review
content_d9dc9bee7d69,client_f74efabef1,0,0.22850711760564624,2111,Lower,Pending human review
content_d58831e13efa,client_9f14025af0,0,0.22813264775368394,2112,Lower,Pending human review
content_fd9c65c364f1,client_9f14025af0,0,0.22801234202291149,2113,Lower,Pending human review
content_85b3955371a3,client_a88a7902cb,0,0.22799900237788165,2114,Lower,Pending human review
content_ac2b9b614835,client_f74efabef1,0,0.22726365610739976,2115,Lower,Pending human review
content_1339fb97aa80,client_9f14025af0,0,0.22699493245334434,2116,Lower,Pending human review
content_4d1ebe33b02d,client_9f14025af0,0,0.22667125933155322,2117,Lower,Pending human review
content_689414059706,client_9f14025af0,0,0.22624408972571716,2118,Lower,Pending human review
content_77edb2389c64,client_f74efabef1,0,0.22597060052171422,2119,Lower,Pending human review
content_88c636788927,client_a88a7902cb,0,0.22572288473777363,2120,Lower,Pending human review
content_f99cd8381f34,client_9f14025af0,0,0.22558541943413654,2121,Lower,Pending human review
content_98af8982f3ea,client_9f14025af0,0,0.2239284779983775,2122,Lower,Pending human review
content_0c4cae7006d3,client_9f14025af0,0,0.22365282721292992,2123,Lower,Pending human review
content_3918aaea55e2,client_8b940be7fb,0,0.2234533963691752,2124,Lower,Pending human review
content_a97955b77e18,client_a88a7902cb,0,0.2231890001645435,2125,Lower,Pending human review
content_ecb37e8c2fb9,client_f74efabef1,0,0.22268228543430196,2126,Lower,Pending human review
content_0899942ee272,client_9f14025af0,0,0.22246176260356398,2127,Lower,Pending human review
content_369bc1fcb929,client_f74efabef1,0,0.22097909129240906,2128,Lower,Pending human review
content_1c27b1eb9380,client_9f14025af0,0,0.22073899008684364,2129,Lower,Pending human review
content_94e6aa44f988,client_624b60c58c,0,0.22065391598837214,2130,Lower,Pending human review
content_8aaa2ef873c0,client_a88a7902cb,0,0.22042256901917465,2131,Lower,Pending human review
content_82107ddb4e14,client_8b940be7fb,0,0.2202983039207674,2132,Lower,Pending human review
content_629841fd8f2f,client_f74efabef1,0,0.220159518921194,2133,Lower,Pending human review
content_98ad78b0c82c,client_9f14025af0,0,0.2193664962213701,2134,Lower,Pending human review
content_6be403387b91,client_9f14025af0,0,0.21925512702456756,2135,Lower,Pending human review
content_95bbd0f85fd8,client_a88a7902cb,0,0.2189292497442734,2136,Lower,Pending human review
content_2d30c9641c46,client_f74efabef1,0,0.21888552564823838,2137,Lower,Pending human review
content_80ce29bd80b0,client_9f14025af0,0,0.2184814880153195,2138,Lower,Pending human review
content_cc5f4732257f,client_9f14025af0,0,0.21823927118912298,2139,Lower,Pending human review
content_c612c130b039,client_a88a7902cb,0,0.2177886886722356,2140,Lower,Pending human review
content_be1a555315d8,client_f74efabef1,0,0.2177038344510944,2141,Lower,Pending human review
content_ca5092930f04,client_9f14025af0,0,0.21744897459337748,2142,Lower,Pending human review
content_68bf33ee433a,client_624b60c58c,0,0.21646408526029357,2143,Lower,Pending human review
content_5b22b0bb3b48,client_9f14025af0,0,0.21535258064168672,2144,Lower,Pending human review
content_2ecb621aa133,client_9f14025af0,0,0.2152389311245197,2145,Lower,Pending human review
content_b43d35816291,client_9f14025af0,0,0.21490385563013822,2146,Lower,Pending human review
content_522270053ed3,client_a88a7902cb,0,0.2137762563329501,2147,Lower,Pending human review
content_e0d2843bc4fd,client_a88a7902cb,1,0.21351886628943506,2148,Lower,Pending human review
content_711fce0165b4,client_a88a7902cb,0,0.21318886273989904,2149,Lower,Pending human review
content_cac4bc15766e,client_f74efabef1,0,0.2131864148252493,2150,Lower,Pending human review
content_16064dfe2d43,client_9f14025af0,1,0.21317610336909773,2151,Lower,Pending human review
content_6a2b68a9fa4e,client_9f14025af0,0,0.21292275029005706,2152,Lower,Pending human review
content_51bbaf502f53,client_a88a7902cb,1,0.21244600509817943,2153,Lower,Pending human review
content_5e3ab29c4ddb,client_9f14025af0,0,0.21148815691785142,2154,Lower,Pending human review
content_7b17b6707535,client_9f14025af0,0,0.21043722054796762,2155,Lower,Pending human review
content_96dfde831b7b,client_a88a7902cb,1,0.2100934308551871,2156,Lower,Pending human review
content_3d8d8e4524c8,client_9f14025af0,0,0.20790866319593554,2157,Lower,Pending human review
content_a647e9ad37eb,client_f74efabef1,0,0.20742351269738613,2158,Lower,Pending human review
content_de67b224bcef,client_9f14025af0,0,0.20556796439210645,2159,Lower,Pending human review
content_ccefe7762990,client_f74efabef1,0,0.20535037470033218,2160,Lower,Pending human review
content_d1d45326d051,client_9f14025af0,0,0.20533667984190046,2161,Lower,Pending human review
content_cd00e540f6ea,client_f74efabef1,0,0.20384451189917047,2162,Lower,Pending human review
content_28adffd1e906,client_f74efabef1,0,0.20380281997695038,2163,Lower,Pending human review
content_6295c4f00597,client_9f14025af0,0,0.20272715068654137,2164,Lower,Pending human review
content_2577dd515a24,client_a88a7902cb,0,0.20252828506471512,2165,Lower,Pending human review
content_0a57fc95c688,client_9f14025af0,0,0.20226216217809168,2166,Lower,Pending human review
content_1c32d46552ba,client_9f14025af0,1,0.20200226236023014,2167,Lower,Pending human review
content_0577107d816a,client_9f14025af0,0,0.2017792904370178,2168,Lower,Pending human review
content_8030f6ce459a,client_a88a7902cb,1,0.20046726580689628,2169,Lower,Pending human review
content_9d66346ff5c7,client_f74efabef1,0,0.200439815196122,2170,Lower,Pending human review
content_90cde675c45e,client_624b60c58c,0,0.20030774872561263,2171,Lower,Pending human review
content_c3cd7c559ebe,client_a88a7902cb,0,0.20011807779648583,2172,Lower,Pending human review
content_99812ab092a5,client_f74efabef1,0,0.19996096718585935,2173,Lower,Pending human review
content_b2324a5afba2,client_f74efabef1,0,0.19979637862754238,2174,Lower,Pending human review
content_3dc69da9b590,client_a88a7902cb,0,0.19953544561842007,2175,Lower,Pending human review
content_b491f45a8da0,client_f74efabef1,0,0.19917359201711118,2176,Lower,Pending human review
content_eba67ddee82e,client_9f14025af0,0,0.19870688413073073,2177,Lower,Pending human review
content_007f55873658,client_9f14025af0,0,0.19559946905689654,2178,Lower,Pending human review
content_6d7b6cb67678,client_a88a7902cb,0,0.19535573613112242,2179,Lower,Pending human review
content_a1c4525abad0,client_9f14025af0,1,0.19380936856336198,2180,Lower,Pending human review
content_4fbb336ddfb6,client_f74efabef1,1,0.19365349706949592,2181,Lower,Pending human review
content_8642a961dd74,client_8b940be7fb,0,0.19249112494784537,2182,Lower,Pending human review
content_e8fd5cd21512,client_a88a7902cb,0,0.19073855000048537,2183,Lower,Pending human review
content_a07b85121178,client_a88a7902cb,0,0.19020478855528497,2184,Lower,Pending human review
content_6515ccd89449,client_f74efabef1,0,0.19006338782774382,2185,Lower,Pending human review
content_1a2699d24ca3,client_9f14025af0,0,0.1884505134914969,2186,Lower,Pending human review
content_9d9a40758001,client_f74efabef1,0,0.18817888504047212,2187,Lower,Pending human review
content_2f38c656fc95,client_9f14025af0,0,0.18804149259128228,2188,Lower,Pending human review
content_b9cc4ac6de81,client_9f14025af0,1,0.18797237145031823,2189,Lower,Pending human review
content_f9cf5d56036a,client_9f14025af0,0,0.18702981712538905,2190,Lower,Pending human review
content_bad636212ded,client_f74efabef1,0,0.18514037311224085,2191,Lower,Pending human review
content_7f961d0cbcc2,client_9f14025af0,1,0.18324227718053293,2192,Lower,Pending human review
content_797d57ad6e0c,client_a88a7902cb,0,0.1828260085557275,2193,Lower,Pending human review
content_7749113e016d,client_9f14025af0,0,0.18160711982267105,2194,Lower,Pending human review
content_bd184303d083,client_9f14025af0,0,0.18029174928757055,2195,Lower,Pending human review
content_5949b38ca23c,client_9f14025af0,1,0.17992541867095144,2196,Lower,Pending human review
content_8a3de3e07ec1,client_9f14025af0,1,0.17899236536609725,2197,Lower,Pending human review
content_e79f03df2781,client_9f14025af0,0,0.17819932862244187,2198,Lower,Pending human review
content_18e7e6d7147b,client_9f14025af0,0,0.17699690260617054,2199,Lower,Pending human review
content_c04a80b7fa82,client_f74efabef1,0,0.17648651294655096,2200,Lower,Pending human review
content_3a16f4fb4fc6,client_9f14025af0,0,0.17501203368924273,2201,Lower,Pending human review
content_1e826070c703,client_9f14025af0,0,0.17480618807571344,2202,Lower,Pending human review
content_2e364a3b009b,client_f74efabef1,0,0.1743746924436352,2203,Lower,Pending human review
content_f03ce106b8b7,client_9f14025af0,0,0.17174126191915312,2204,Lower,Pending human review
content_a31cad37ea8a,client_8b940be7fb,0,0.17170939024881365,2205,Lower,Pending human review
content_0c475d282c97,client_f74efabef1,0,0.1700619119305465,2206,Lower,Pending human review
content_adcdf4072cf5,client_9f14025af0,0,0.16901983895045242,2207,Lower,Pending human review
content_b093269c370c,client_f74efabef1,0,0.1686136467081652,2208,Lower,Pending human review
content_eb6e97f88ca2,client_9f14025af0,0,0.16711711517559608,2209,Lower,Pending human review
content_1cb722172d04,client_f74efabef1,0,0.16540493245728902,2210,Lower,Pending human review
content_a6b54648b3f9,client_f74efabef1,0,0.16493454901103458,2211,Lower,Pending human review
content_ad49fd2bb454,client_9f14025af0,1,0.1642291143034568,2212,Lower,Pending human review
content_669685ab6148,client_f74efabef1,0,0.16244802220316468,2213,Lower,Pending human review
content_683c8e72d5b5,client_f74efabef1,0,0.16238027792974863,2214,Lower,Pending human review
content_a8fa59856024,client_f74efabef1,0,0.16110125415922058,2215,Lower,Pending human review
content_43802e1b0983,client_a88a7902cb,0,0.1607401572668321,2216,Lower,Pending human review
content_7356ccaee391,client_a88a7902cb,0,0.16068590628164037,2217,Lower,Pending human review
content_cc31b11cfa6d,client_f74efabef1,0,0.15951839197933618,2218,Lower,Pending human review
content_4ed2bf493735,client_9f14025af0,1,0.15919333160294236,2219,Lower,Pending human review
content_22140cc4c8c4,client_9f14025af0,1,0.1580747292710901,2220,Lower,Pending human review
content_f5e263332f59,client_a88a7902cb,0,0.15790717668097243,2221,Lower,Pending human review
content_9b2e11e58f78,client_a88a7902cb,0,0.1567204574960309,2222,Lower,Pending human review
content_f1a6e5b6892a,client_a88a7902cb,0,0.15669980791220542,2223,Lower,Pending human review
content_209e3e9b971f,client_9f14025af0,0,0.1566748864819628,2224,Lower,Pending human review
content_bfebd3351a9f,client_a88a7902cb,0,0.15591161368057954,2225,Lower,Pending human review
content_f20f68b3dc73,client_9f14025af0,0,0.1558882901208526,2226,Lower,Pending human review
content_8d0827a5f44c,client_f74efabef1,0,0.15290853870238705,2227,Lower,Pending human review
content_6ea6840c77e6,client_f74efabef1,0,0.1524294414039673,2228,Lower,Pending human review
content_b15a8dbdf66f,client_f74efabef1,0,0.1515378062416493,2229,Lower,Pending human review
content_b52a1fb0b0fb,client_a88a7902cb,0,0.15124790104888713,2230,Lower,Pending human review
content_b3eed79986e9,client_f74efabef1,0,0.15081415138975168,2231,Lower,Pending human review
content_ee5939bf8495,client_9f14025af0,1,0.1507004010393442,2232,Lower,Pending human review
content_ca5e1eb7e9fb,client_a88a7902cb,0,0.15056327039866985,2233,Lower,Pending human review
content_21151f30d163,client_a88a7902cb,0,0.14916273201558872,2234,Lower,Pending human review
content_0cd0a74306a0,client_f74efabef1,0,0.1483238890096773,2235,Lower,Pending human review
content_b33dbf37def4,client_9f14025af0,0,0.1481674644050192,2236,Lower,Pending human review
content_15fba6a8ecc9,client_f74efabef1,0,0.14747783847528012,2237,Lower,Pending human review
content_0a95ecdeb00f,client_9f14025af0,1,0.14666467447520162,2238,Lower,Pending human review
content_8bf427e49725,client_f74efabef1,0,0.14635282311921424,2239,Lower,Pending human review
content_404626de3719,client_f74efabef1,0,0.14479289991701788,2240,Lower,Pending human review
content_3e262fa8b265,client_9f14025af0,0,0.14460537755323763,2241,Lower,Pending human review
content_f39d4381df7f,client_f74efabef1,0,0.1445264243985272,2242,Lower,Pending human review
content_0e59cf491705,client_a88a7902cb,0,0.1438041136871391,2243,Lower,Pending human review
content_fbc62b843861,client_9f14025af0,0,0.14362537491852348,2244,Lower,Pending human review
content_b7ea439ef534,client_8b940be7fb,0,0.14120261433439132,2245,Lower,Pending human review
content_045d6861f2e7,client_a88a7902cb,0,0.14007147243119647,2246,Lower,Pending human review
content_f26233911f33,client_9f14025af0,0,0.1398327828327824,2247,Lower,Pending human review
content_c80d278f6e14,client_f74efabef1,0,0.13931576541550775,2248,Lower,Pending human review
content_9a7fe374c900,client_9f14025af0,0,0.13787127666638968,2249,Lower,Pending human review
content_631ea362b4be,client_a88a7902cb,0,0.1378503535854603,2250,Lower,Pending human review
content_ceedb04d2b83,client_9f14025af0,1,0.13728390073905364,2251,Lower,Pending human review
content_7debdb0d3a8a,client_9f14025af0,0,0.13664822385169195,2252,Lower,Pending human review
content_76b07f20b83c,client_9f14025af0,0,0.136317486940815,2253,Lower,Pending human review
content_5920115cc1ad,client_f74efabef1,0,0.13544576288044183,2254,Lower,Pending human review
content_540ad3757f4e,client_f74efabef1,0,0.13467285709132162,2255,Lower,Pending human review
content_39ea27d19580,client_9f14025af0,1,0.13405393997541393,2256,Lower,Pending human review
content_f8f4ceb683d9,client_a88a7902cb,0,0.13398773134448072,2257,Lower,Pending human review
content_b1f62927e4e9,client_f74efabef1,0,0.13237106710427773,2258,Lower,Pending human review
content_4272d3a330a3,client_9f14025af0,0,0.13033944005050474,2259,Lower,Pending human review
content_66a8801e9646,client_9f14025af0,0,0.12958833704326436,2260,Lower,Pending human review
content_6baa8098c6d1,client_a88a7902cb,0,0.12938792784232372,2261,Lower,Pending human review
content_ccf5d61b4358,client_a88a7902cb,0,0.12908549366775285,2262,Lower,Pending human review
content_04d8cd344aae,client_9f14025af0,1,0.1286069801470234,2263,Lower,Pending human review
content_2e4d11f6703c,client_9f14025af0,0,0.12853882931021549,2264,Lower,Pending human review
content_23077e0641b0,client_9f14025af0,0,0.12496236753201082,2265,Lower,Pending human review
content_cd182fbad2a3,client_9f14025af0,1,0.1239769075508582,2266,Lower,Pending human review
content_51b2c4609daf,client_9f14025af0,0,0.1222152137325174,2267,Lower,Pending human review
content_5355cfa1bf08,client_a88a7902cb,0,0.1217693517968686,2268,Lower,Pending human review
content_d2dffcc697a4,client_f74efabef1,0,0.12117995786396978,2269,Lower,Pending human review
content_68621fa2a311,client_f74efabef1,0,0.1195576991228305,2270,Lower,Pending human review
content_50176b94cd61,client_9f14025af0,1,0.11884077484622903,2271,Lower,Pending human review
content_baff44d8d0a8,client_f74efabef1,0,0.11748827691967662,2272,Lower,Pending human review
content_7a1a40b39cd5,client_f74efabef1,0,0.11726371481164169,2273,Lower,Pending human review
content_e43cb422c67b,client_9f14025af0,0,0.1164243451126738,2274,Lower,Pending human review
content_8b4125af6f86,client_f74efabef1,0,0.11417005909969465,2275,Lower,Pending human review
content_3c9ecbee7605,client_9f14025af0,1,0.1136676579791401,2276,Lower,Pending human review
content_6c3884073301,client_a88a7902cb,0,0.11321564477785064,2277,Lower,Pending human review
content_1dc1f1a2fcf0,client_f74efabef1,0,0.11110065324434641,2278,Lower,Pending human review
content_a96302f4b2f9,client_a88a7902cb,0,0.11076292223433651,2279,Lower,Pending human review
content_ead8e65d1fd2,client_9f14025af0,0,0.11053246088385883,2280,Lower,Pending human review
content_08893c0e5c75,client_f74efabef1,0,0.10835152272679867,2281,Lower,Pending human review
content_b1ffe228c624,client_f74efabef1,0,0.10780012034001657,2282,Lower,Pending human review
content_cd2cedffb4fc,client_f74efabef1,0,0.10655031533711581,2283,Lower,Pending human review
content_b51d84226fc9,client_9f14025af0,0,0.10642114478033729,2284,Lower,Pending human review
content_c5fbe6810120,client_f74efabef1,0,0.10634434237736212,2285,Lower,Pending human review
content_e205b0499a62,client_a88a7902cb,0,0.10565023344707873,2286,Lower,Pending human review
content_7ff7a56f3ee8,client_9f14025af0,0,0.10363059615451813,2287,Lower,Pending human review
content_33bbf9c88e69,client_9f14025af0,0,0.10353276264756943,2288,Lower,Pending human review
content_cc9bf156f18e,client_9f14025af0,1,0.10329222117377301,2289,Lower,Pending human review
content_5303d1ca9f26,client_a88a7902cb,0,0.1023421077162825,2290,Lower,Pending human review
content_7b3f5571cb31,client_9f14025af0,0,0.10091811815633651,2291,Lower,Pending human review
content_13f0590a9b0a,client_9f14025af0,0,0.09935352079018164,2292,Lower,Pending human review
content_5976470057fa,client_f74efabef1,0,0.09865084428607535,2293,Lower,Pending human review
content_1db806060205,client_9f14025af0,0,0.09797178418003118,2294,Lower,Pending human review
content_2b996a489e28,client_f74efabef1,0,0.09641053098542515,2295,Lower,Pending human review
content_baa79d363328,client_9f14025af0,0,0.09546891580812346,2296,Lower,Pending human review
content_dd362164c73b,client_9f14025af0,0,0.09534507731269766,2297,Lower,Pending human review
content_30f81baf11ff,client_9f14025af0,0,0.09477766600533731,2298,Lower,Pending human review
content_dd0a646f41cf,client_9f14025af0,0,0.09341536717752093,2299,Lower,Pending human review
content_20f6650dbf34,client_a88a7902cb,0,0.09308486008758148,2300,Lower,Pending human review
content_428018a7d0b0,client_9f14025af0,0,0.09265281556813301,2301,Lower,Pending human review
content_b7a4e4bc115e,client_624b60c58c,0,0.09037139128863725,2302,Lower,Pending human review
content_07f3e2bf4f9b,client_9f14025af0,0,0.08908070193008726,2303,Lower,Pending human review
content_d7a988bfa5f6,client_9f14025af0,0,0.08788398993307645,2304,Lower,Pending human review
content_f84214f65ef0,client_9f14025af0,0,0.08751634112148736,2305,Lower,Pending human review
content_8a234f7d62b2,client_a88a7902cb,0,0.08677640152228434,2306,Lower,Pending human review
content_a07deba7e9e5,client_9f14025af0,0,0.0866721359474107,2307,Lower,Pending human review
content_5f792fde88ff,client_9f14025af0,0,0.08614541052648854,2308,Lower,Pending human review
content_7f5783f90bac,client_f74efabef1,0,0.08542890047849253,2309,Lower,Pending human review
content_ebb2cca6ac3d,client_9f14025af0,0,0.08525989061928489,2310,Lower,Pending human review
content_f6e1f66b051e,client_a88a7902cb,0,0.08361769444895233,2311,Lower,Pending human review
content_2af2cf5efdc5,client_f74efabef1,0,0.08327896595640855,2312,Lower,Pending human review
content_0ab4206b00b6,client_a88a7902cb,0,0.08315921655087793,2313,Lower,Pending human review
content_1949eb8a9d1e,client_8b940be7fb,0,0.08253102416426103,2314,Lower,Pending human review
content_8cebeb8de6ce,client_f74efabef1,0,0.08173624220389895,2315,Lower,Pending human review
content_b425fcabfac6,client_9f14025af0,1,0.08172407105649873,2316,Lower,Pending human review
content_b610741d6d05,client_9f14025af0,0,0.08160301850816074,2317,Lower,Pending human review
content_19f9601713cc,client_9f14025af0,0,0.08155535230532858,2318,Lower,Pending human review
content_64a63add2c92,client_a88a7902cb,0,0.08015115780807903,2319,Lower,Pending human review
content_4e1831fc0f47,client_f74efabef1,0,0.07942647207188078,2320,Lower,Pending human review
content_4c2013143176,client_9f14025af0,0,0.07855719488160741,2321,Lower,Pending human review
content_aad51a201253,client_f74efabef1,0,0.07781058901097776,2322,Lower,Pending human review
content_6efb8fa48ebe,client_9f14025af0,1,0.07589927168393769,2323,Lower,Pending human review
content_d081207eb656,client_f74efabef1,0,0.07574214390535206,2324,Lower,Pending human review
content_a34bfee0894c,client_9f14025af0,0,0.07531891987311065,2325,Lower,Pending human review
content_4c2dabc7ac3f,client_f74efabef1,0,0.07505187311104573,2326,Lower,Pending human review
content_f7fa69785d97,client_9f14025af0,0,0.07338859923258705,2327,Lower,Pending human review
content_b39dc68d0656,client_9f14025af0,0,0.07331207792903201,2328,Lower,Pending human review
content_a77416fd15c3,client_a88a7902cb,0,0.07304082240966822,2329,Lower,Pending human review
content_4592e7c0daaf,client_9f14025af0,0,0.07267705196442185,2330,Lower,Pending human review
content_4cb4faf99e2e,client_9f14025af0,0,0.07187424921917114,2331,Lower,Pending human review
content_5d4f2ad2800f,client_f74efabef1,0,0.0716472764183677,2332,Lower,Pending human review
content_056a4ea39f27,client_f74efabef1,0,0.07134421018435609,2333,Lower,Pending human review
content_676af03539a3,client_f74efabef1,0,0.06990727406198345,2334,Lower,Pending human review
content_32aa0c820911,client_f74efabef1,0,0.06977332715158784,2335,Lower,Pending human review
content_2873a1f5d843,client_f74efabef1,0,0.06867640393144635,2336,Lower,Pending human review
content_9338d8607e8a,client_f74efabef1,0,0.0682530004391906,2337,Lower,Pending human review
content_66b4d6070931,client_9f14025af0,0,0.06784484616227092,2338,Lower,Pending human review
content_e33ae9ad91f9,client_9f14025af0,0,0.06695669387485204,2339,Lower,Pending human review
content_006b16e7a2e7,client_9f14025af0,0,0.06595157039546974,2340,Lower,Pending human review
content_a11a5edb8329,client_a88a7902cb,0,0.06592673004882277,2341,Lower,Pending human review
content_2e292ac487f7,client_f74efabef1,0,0.06307230600621748,2342,Lower,Pending human review
content_1c4660ca11cc,client_9f14025af0,0,0.05949022553581717,2343,Lower,Pending human review
content_64aa573b6412,client_f74efabef1,0,0.05894484951022329,2344,Lower,Pending human review
content_24796d98b025,client_9f14025af0,1,0.05633407296832981,2345,Lower,Pending human review
content_88452d188d23,client_a88a7902cb,0,0.055892070861788865,2346,Lower,Pending human review
content_0a4b6c7af71d,client_f74efabef1,0,0.05570821100905679,2347,Lower,Pending human review
content_e7ea8f387770,client_a88a7902cb,0,0.054344244148379156,2348,Lower,Pending human review
content_db1cd41b4b4f,client_f74efabef1,0,0.05417606207892899,2349,Lower,Pending human review
content_acab35d2ae28,client_f74efabef1,0,0.05387039314962264,2350,Lower,Pending human review
content_19a325f2e20a,client_9f14025af0,0,0.05383053418043816,2351,Lower,Pending human review
content_5b73e2aceea6,client_f74efabef1,0,0.05315925341284979,2352,Lower,Pending human review
content_07482888a1fd,client_f74efabef1,0,0.05170121756749353,2353,Lower,Pending human review
content_dbbe2caa8e08,client_f74efabef1,0,0.049799337399569786,2354,Lower,Pending human review
content_aa0dd7d5e3b8,client_f74efabef1,0,0.04944334266576591,2355,Lower,Pending human review
content_caa14adc7531,client_f74efabef1,0,0.048857258354422076,2356,Lower,Pending human review
content_9aa384588a00,client_a88a7902cb,0,0.04883343729191189,2357,Lower,Pending human review
content_9929feea24dd,client_f74efabef1,0,0.04833879597155998,2358,Lower,Pending human review
content_29102284b855,client_f74efabef1,0,0.04781833830372551,2359,Lower,Pending human review
content_f37e8faa4242,client_a88a7902cb,0,0.04652588292024619,2360,Lower,Pending human review
content_725ff1a7c773,client_9f14025af0,0,0.04561739413935731,2361,Lower,Pending human review
content_27a5ceccdf40,client_624b60c58c,0,0.045442628596468804,2362,Lower,Pending human review
content_bc6cfbd7f713,client_f74efabef1,0,0.045263373244091146,2363,Lower,Pending human review
content_2477d60f6e3b,client_9f14025af0,0,0.044169987354852704,2364,Lower,Pending human review
content_5e8f61a195cf,client_f74efabef1,0,0.04281594726722414,2365,Lower,Pending human review
content_fdb4daf045ea,client_f74efabef1,0,0.04228443744424032,2366,Lower,Pending human review
content_4224b96648d2,client_8b940be7fb,0,0.04072239182589783,2367,Lower,Pending human review
content_9c28df7c2fbc,client_f74efabef1,0,0.0400699290965745,2368,Lower,Pending human review
content_e310154a589a,client_f74efabef1,0,0.03912410146961802,2369,Lower,Pending human review
content_296859a625af,client_a88a7902cb,0,0.038858599527435936,2370,Lower,Pending human review
content_37669b78bfe3,client_f74efabef1,0,0.03884513424498678,2371,Lower,Pending human review
content_0dddf7bd8c00,client_f74efabef1,0,0.037829696244839804,2372,Lower,Pending human review
content_6d69230ca905,client_8b940be7fb,0,0.03760744187842354,2373,Lower,Pending human review
content_7aaddb52a28f,client_624b60c58c,0,0.035382425319035356,2374,Lower,Pending human review
content_5b68eb969499,client_f74efabef1,0,0.03430410866800834,2375,Lower,Pending human review
content_9c031cd1248f,client_f74efabef1,0,0.031992964946626457,2376,Lower,Pending human review
content_277c0aa74cee,client_f74efabef1,0,0.03181765598995416,2377,Lower,Pending human review
content_053c65d08e1d,client_a88a7902cb,0,0.03022120006088813,2378,Lower,Pending human review
content_3576f1d58f63,client_a88a7902cb,0,0.028724975434740143,2379,Lower,Pending human review
content_4921c8795757,client_f74efabef1,0,0.028538974626005183,2380,Lower,Pending human review
content_d7cbd76b788d,client_f74efabef1,0,0.027785763548971727,2381,Lower,Pending human review
content_24abf61093ff,client_f74efabef1,0,0.0276683020276016,2382,Lower,Pending human review
content_8d944a023366,client_f74efabef1,1,0.025803958906003947,2383,Lower,Pending human review
content_0f7b99d6189f,client_f74efabef1,0,0.025518581458513635,2384,Lower,Pending human review
content_286a42b151b5,client_f74efabef1,0,0.024268032267772324,2385,Lower,Pending human review
content_42ea9783b821,client_f74efabef1,0,0.023249205814285103,2386,Lower,Pending human review
content_ed3a7fd12cf8,client_f74efabef1,0,0.022056960366486307,2387,Lower,Pending human review
content_b7e10753a4d0,client_f74efabef1,0,0.021587180869837762,2388,Lower,Pending human review
content_dd882c4152ac,client_a88a7902cb,0,0.02033243440027836,2389,Lower,Pending human review
content_44eed59dee80,client_f74efabef1,0,0.018305894786979207,2390,Lower,Pending human review
content_5495bd237770,client_f74efabef1,0,0.017323604703171975,2391,Lower,Pending human review
content_de11d7173d6e,client_f74efabef1,0,0.017066574060624527,2392,Lower,Pending human review
content_9fe06fb9369d,client_f74efabef1,0,0.016731862424411385,2393,Lower,Pending human review
content_bb9c1241107e,client_f74efabef1,0,0.015344225352683335,2394,Lower,Pending human review
content_c5c67bd620c7,client_f74efabef1,0,0.014737102931022898,2395,Lower,Pending human review
content_0aa2ea14561f,client_f74efabef1,0,0.014199614621962436,2396,Lower,Pending human review
content_ecf1b62d0c70,client_f74efabef1,0,0.014194826379698076,2397,Lower,Pending human review
content_8cd5e69964ce,client_8b940be7fb,0,0.014007359880811164,2398,Lower,Pending human review
content_4f049a7ccaf8,client_f74efabef1,0,0.013990970770502587,2399,Lower,Pending human review
content_a62fc4cf41d0,client_f74efabef1,0,0.013528097908896919,2400,Lower,Pending human review
content_c97bec57fee6,client_624b60c58c,0,0.013367813683062996,2401,Lower,Pending human review
content_c18511d5ca56,client_f74efabef1,0,0.013027014178025903,2402,Lower,Pending human review
content_57e42f1b0d3f,client_a88a7902cb,0,0.01194733452548395,2403,Lower,Pending human review
content_898d32db06fe,client_f74efabef1,0,0.01139981103425595,2404,Lower,Pending human review
content_9bd3e5babf51,client_a88a7902cb,0,0.011304380486712451,2405,Lower,Pending human review
content_140cb5f51025,client_f74efabef1,0,0.010836299163331807,2406,Lower,Pending human review
content_f4e177f6d346,client_f74efabef1,0,0.010731122647195258,2407,Lower,Pending human review
content_7dc9de636896,client_f74efabef1,0,0.010648255395637024,2408,Lower,Pending human review
content_1f3d1ecadee1,client_f74efabef1,0,0.009923673842494103,2409,Lower,Pending human review
content_1d08f7506d94,client_f74efabef1,0,0.009854845105496071,2410,Lower,Pending human review
content_f4e4a8ee9d37,client_8b940be7fb,0,0.00943265895178287,2411,Lower,Pending human review
content_68d2dcba5f50,client_9f14025af0,0,0.00937923878216111,2412,Lower,Pending human review
content_92a79caa6072,client_9f14025af0,0,0.008976679819657355,2413,Lower,Pending human review
content_9e82508837d6,client_f74efabef1,0,0.008565034366328493,2414,Lower,Pending human review
content_442cdf48419e,client_a88a7902cb,0,0.008221133653442266,2415,Lower,Pending human review
content_1147d1a9b9aa,client_f74efabef1,0,0.00817906606915858,2416,Lower,Pending human review
content_2c80dfaf33dc,client_a88a7902cb,0,0.008056628965195458,2417,Lower,Pending human review
content_4d967b8988e0,client_9f14025af0,0,0.007920296661183705,2418,Lower,Pending human review
content_26161b912f27,client_f74efabef1,0,0.007210036812197659,2419,Lower,Pending human review
content_a01d9f3667c6,client_f74efabef1,0,0.006806316341835654,2420,Lower,Pending human review
content_948eb567a342,client_f74efabef1,0,0.006668784497555534,2421,Lower,Pending human review
content_1e10c44cb260,client_f74efabef1,1,0.0062537552903368,2422,Lower,Pending human review
content_d87a74917768,client_f74efabef1,0,0.00617578925878039,2423,Lower,Pending human review
content_05d139414782,client_a88a7902cb,0,0.005957491733061206,2424,Lower,Pending human review
content_82331f2ede67,client_f74efabef1,0,0.00590822397443764,2425,Lower,Pending human review
content_bb321159a076,client_f74efabef1,0,0.005668333228265477,2426,Lower,Pending human review
content_331182ca4cae,client_f74efabef1,0,0.0054740289141542615,2427,Lower,Pending human review
content_c3e86d4031b6,client_f74efabef1,0,0.00528944199473593,2428,Lower,Pending human review
content_12219918477e,client_f74efabef1,0,0.00528802492559007,2429,Lower,Pending human review
content_13db9ddaa0a9,client_f74efabef1,1,0.005245339792898331,2430,Lower,Pending human review
content_a18da5ed4495,client_f74efabef1,0,0.004096588928878477,2431,Lower,Pending human review
content_35efde3699d6,client_f74efabef1,0,0.004043854310719665,2432,Lower,Pending human review
content_338121a7866e,client_a88a7902cb,0,0.003551854527365149,2433,Lower,Pending human review
content_7ff6ded89d4a,client_f74efabef1,1,0.003500683905488225,2434,Lower,Pending human review
content_104ec7620c67,client_a88a7902cb,0,0.0033802870306123777,2435,Lower,Pending human review
content_ea596312d0df,client_f74efabef1,0,0.003222102568947632,2436,Lower,Pending human review
content_75f4c47e158f,client_f74efabef1,1,0.0031031269850491094,2437,Lower,Pending human review
content_b5367e6afc79,client_f74efabef1,1,0.003036153625212246,2438,Lower,Pending human review
content_c04964a5e7a0,client_f74efabef1,0,0.002393939012076468,2439,Lower,Pending human review
content_1e0f4d1e74a2,client_8b940be7fb,0,0.00227192750616234,2440,Lower,Pending human review
content_fe17d58d90af,client_f74efabef1,0,0.002200314981041122,2441,Lower,Pending human review
content_728510f40b6d,client_a88a7902cb,0,0.002196053646403195,2442,Lower,Pending human review
content_973a43ede99f,client_f74efabef1,1,0.0021904476591763414,2443,Lower,Pending human review
content_f5013794ba57,client_f74efabef1,0,0.0020987426630139252,2444,Lower,Pending human review
content_36e6a6365d61,client_f74efabef1,0,0.0019516592123460868,2445,Lower,Pending human review
content_b184932aca9f,client_f74efabef1,0,0.0018749758035351057,2446,Lower,Pending human review
content_4df0b7207fe3,client_9f14025af0,0,0.0018393828111735841,2447,Lower,Pending human review
content_f2f800ba53d5,client_f74efabef1,1,0.0018311852645024895,2448,Lower,Pending human review
content_a1dd3f309e08,client_f74efabef1,0,0.001804763093367479,2449,Lower,Pending human review
content_e0e412fa582f,client_f74efabef1,1,0.0017080570243823746,2450,Lower,Pending human review
content_04c19423dab6,client_8b940be7fb,0,0.0016892709148342427,2451,Lower,Pending human review
content_e2012e60caaa,client_a88a7902cb,0,0.0015916148569153125,2452,Lower,Pending human review
content_4bf6f90f5b21,client_f74efabef1,0,0.0015703375243772814,2453,Lower,Pending human review
content_5a9eed16e004,client_f74efabef1,1,0.0015631662562093302,2454,Lower,Pending human review
content_5186bf09925c,client_f74efabef1,0,0.0015151055369029812,2455,Lower,Pending human review
content_d949c2698810,client_a88a7902cb,0,0.0014069735602676259,2456,Lower,Pending human review
content_f2b177e7230a,client_a88a7902cb,0,0.0013286563100423608,2457,Lower,Pending human review
content_f1aa3eb71788,client_f74efabef1,0,0.0013284052444366226,2458,Lower,Pending human review
content_9e2b13a36a77,client_a88a7902cb,0,0.0012781553962353622,2459,Lower,Pending human review
content_ac140b295c0f,client_f74efabef1,0,0.0012713520706751909,2460,Lower,Pending human review
content_59812d55e833,client_f74efabef1,0,0.00123735187852986,2461,Lower,Pending human review
content_69c2c14226b8,client_f74efabef1,0,0.0012372936420056546,2462,Lower,Pending human review
content_d29e488c8812,client_f74efabef1,1,0.0011767816737425544,2463,Lower,Pending human review
content_2ab1cdcefb93,client_f74efabef1,0,0.0011736575401397546,2464,Lower,Pending human review
content_ee907837df40,client_f74efabef1,0,0.001149073865625901,2465,Lower,Pending human review
content_924707e4da92,client_9f14025af0,0,0.0010650522753454668,2466,Lower,Pending human review
content_c560a19bd235,client_f74efabef1,0,0.001038922198311306,2467,Lower,Pending human review
content_c927eb7d0af9,client_a88a7902cb,0,0.0010057653912146842,2468,Lower,Pending human review
content_8f06ddfec8bc,client_f74efabef1,0,0.0009461696053987673,2469,Lower,Pending human review
content_b8071fd67506,client_f74efabef1,0,0.0009341068717821587,2470,Lower,Pending human review
content_71af382e191c,client_624b60c58c,0,0.0008490544582523392,2471,Lower,Pending human review
content_836b4163cf30,client_f74efabef1,1,0.0008225173079994016,2472,Lower,Pending human review
content_a0a76e94ade5,client_f74efabef1,1,0.0008207127980743162,2473,Lower,Pending human review
content_93dbc240d614,client_f74efabef1,0,0.0007938539123259539,2474,Lower,Pending human review
content_f8aa00130a0b,client_f74efabef1,0,0.0007745357828680987,2475,Lower,Pending human review
content_c3f35514f928,client_f74efabef1,0,0.0007205723128458621,2476,Lower,Pending human review
content_d4f1db6fe1a4,client_f74efabef1,0,0.0007108379863187638,2477,Lower,Pending human review
content_2dea84e78dd1,client_a88a7902cb,0,0.0006879532046777962,2478,Lower,Pending human review
content_141f3e49631c,client_a88a7902cb,0,0.0006755794427738357,2479,Lower,Pending human review
content_8f491a618643,client_f74efabef1,0,0.0006366132088701309,2480,Lower,Pending human review
content_0ea2369991fb,client_f74efabef1,0,0.000622960198432665,2481,Lower,Pending human review
content_8cc9832c5519,client_f74efabef1,0,0.0006098316006461576,2482,Lower,Pending human review
content_986fb0029b78,client_f74efabef1,0,0.0006093667602199679,2483,Lower,Pending human review
content_e354f8e518c2,client_f74efabef1,0,0.0005983959572420283,2484,Lower,Pending human review
content_e6fa6700bacf,client_9f14025af0,0,0.0005637902962334297,2485,Lower,Pending human review
content_53e97d1d50ff,client_a88a7902cb,0,0.0005165798937626709,2486,Lower,Pending human review
content_aac5bd559d85,client_f74efabef1,0,0.0004682500466022912,2487,Lower,Pending human review
content_5feff5285df9,client_f74efabef1,0,0.0004050292062427088,2488,Lower,Pending human review
content_140a12debf41,client_f74efabef1,0,0.000381730977492427,2489,Lower,Pending human review
content_e92325328cb0,client_f74efabef1,0,0.00036950319884082827,2490,Lower,Pending human review
content_62691f3b3228,client_f74efabef1,0,0.00031501571676777505,2491,Lower,Pending human review
content_282a94418503,client_f74efabef1,0,0.00031228655910816325,2492,Lower,Pending human review
content_9839e7d209a0,client_f74efabef1,0,0.0002721283337356506,2493,Lower,Pending human review
content_660dff42ecc1,client_f74efabef1,0,0.0002653462989592211,2494,Lower,Pending human review
content_3efa3a7c46bb,client_f74efabef1,0,0.00026426439523059646,2495,Lower,Pending human review
content_3a1c5bce24e0,client_f74efabef1,0,0.0002572485192937337,2496,Lower,Pending human review
content_e1a124b41078,client_f74efabef1,0,0.00023556827314595113,2497,Lower,Pending human review
content_b35a2fccc71a,client_f74efabef1,0,0.00023299239971860105,2498,Lower,Pending human review
content_87eef30dd4c7,client_f74efabef1,0,0.00023103956082051215,2499,Lower,Pending human review
content_5686485cfdfc,client_9f14025af0,0,0.00022828722379669125,2500,Lower,Pending human review
content_023a1d6db0c1,client_f74efabef1,0,0.00021666190851111315,2501,Lower,Pending human review
content_b12e95ee7274,client_f74efabef1,0,0.00019655781006530851,2502,Lower,Pending human review
content_70ef5fe501ee,client_f74efabef1,0,0.0001683400530268452,2503,Lower,Pending human review
content_08488289f3c7,client_f74efabef1,0,0.00016106496694531452,2504,Lower,Pending human review
content_ca06243e2172,client_f74efabef1,0,0.00015142129023482806,2505,Lower,Pending human review
content_8b32e2b808f4,client_f74efabef1,0,0.00014606939830855451,2506,Lower,Pending human review
content_9adf7fcb41cf,client_f74efabef1,0,0.0001430428495651214,2507,Lower,Pending human review
content_2b266be92b99,client_f74efabef1,0,0.00012024528211975147,2508,Lower,Pending human review
content_72220ad87822,client_f74efabef1,0,0.00011083120786754387,2509,Lower,Pending human review
content_2d8f0f590daf,client_f74efabef1,0,9.204601184586986e-05,2510,Lower,Pending human review
content_59d9beb1ce59,client_f74efabef1,0,8.873177487476171e-05,2511,Lower,Pending human review
content_1bafb23b5b58,client_a88a7902cb,0,8.465722051358405e-05,2512,Lower,Pending human review
content_179533212cd0,client_f74efabef1,0,8.034210891029187e-05,2513,Lower,Pending human review
content_e5e8a6b4e23c,client_f74efabef1,0,7.711261392192912e-05,2514,Lower,Pending human review
content_025e4f8ab09b,client_f74efabef1,0,6.338895067630439e-05,2515,Lower,Pending human review
content_44e8e4b70bb1,client_f74efabef1,0,4.5135616466207137e-05,2516,Lower,Pending human review
content_36a91ab85be8,client_f74efabef1,0,3.2800289964875113e-05,2517,Lower,Pending human review
content_c099820b953c,client_f74efabef1,0,3.1848105266580945e-05,2518,Lower,Pending human review
content_5e831a6d881d,client_f74efabef1,0,2.3523813933158667e-05,2519,Lower,Pending human review
content_a90410bf0556,client_f74efabef1,0,2.3200591642257818e-05,2520,Lower,Pending human review
content_d9c4d0e1024f,client_f74efabef1,0,2.1782579054037686e-05,2521,Lower,Pending human review
content_218ca439f951,client_f74efabef1,0,2.032928442173605e-05,2522,Lower,Pending human review
content_814338c51a63,client_f74efabef1,0,1.752383892926512e-05,2523,Lower,Pending human review
content_65928b5a290f,client_f74efabef1,0,1.3274991733326991e-05,2524,Lower,Pending human review
content_a5cfa644e867,client_a88a7902cb,0,1.228241910640571e-05,2525,Lower,Pending human review
content_89078dd98861,client_f74efabef1,0,1.1235120761473123e-05,2526,Lower,Pending human review
content_b008fff0c79f,client_f74efabef1,0,9.525168794022213e-06,2527,Lower,Pending human review
content_646483666d1d,client_f74efabef1,0,8.877601480679633e-06,2528,Lower,Pending human review
content_5a8787062d82,client_f74efabef1,0,6.960096437762622e-06,2529,Lower,Pending human review
content_b12f3cf3093e,client_f74efabef1,0,6.765244786560348e-06,2530,Lower,Pending human review
content_a7cddce22a29,client_f74efabef1,0,6.464588914739633e-06,2531,Lower,Pending human review
content_796298873e99,client_f74efabef1,0,5.1438574379985964e-06,2532,Lower,Pending human review
content_49ac25f02349,client_f74efabef1,0,1.8794964413699762e-06,2533,Lower,Pending human review
content_2c21d01a550a,client_f74efabef1,0,1.842296756908425e-06,2534,Lower,Pending human review
content_be3cd2b95954,client_f74efabef1,0,1.625961580561077e-06,2535,Lower,Pending human review
content_efe1a1a25ab0,client_f74efabef1,0,1.30994372122315e-06,2536,Lower,Pending human review
content_cadaa7d4a502,client_f74efabef1,0,1.2247069547792749e-06,2537,Lower,Pending human review
content_07f3d223c7d7,client_f74efabef1,0,1.1855035165059374e-06,2538,Lower,Pending human review
content_c48976ebf6a2,client_f74efabef1,0,9.530797221781249e-07,2539,Lower,Pending human review
content_da806b9f243e,client_f74efabef1,0,8.944415957277761e-07,2540,Lower,Pending human review
content_5c7c5413d5e8,client_f74efabef1,0,6.793144768362864e-07,2541,Lower,Pending human review
content_2ed4cd0eb5a9,client_f74efabef1,0,5.468426321413011e-07,2542,Lower,Pending human review
content_f85ee7012350,client_f74efabef1,0,5.095295516389863e-07,2543,Lower,Pending human review
content_dc2ca31e2bf7,client_a88a7902cb,0,2.436321298982007e-07,2544,Lower,Pending human review
content_c673357ed9a9,client_f74efabef1,0,2.4145929030284897e-07,2545,Lower,Pending human review
content_66067a014ad5,client_f74efabef1,0,2.3875626856114823e-07,2546,Lower,Pending human review
content_4fa391c9fb0a,client_f74efabef1,0,2.349540099711945e-07,2547,Lower,Pending human review
content_a40c1971346a,client_f74efabef1,0,2.0463471860294425e-07,2548,Lower,Pending human review
content_4c1e0fcf9a7a,client_f74efabef1,0,1.9159618352749336e-07,2549,Lower,Pending human review
content_5197ceaf3649,client_f74efabef1,0,1.6580705363268706e-07,2550,Lower,Pending human review
content_7826f38a6365,client_f74efabef1,0,1.4812380037655665e-07,2551,Lower,Pending human review
content_db7fbdf2b0e2,client_f74efabef1,0,1.4402899367343026e-07,2552,Lower,Pending human review
content_cbc1694430e5,client_624b60c58c,0,1.4315749047690715e-07,2553,Lower,Pending human review
content_7dff534db3ae,client_f74efabef1,0,6.816198309629416e-08,2554,Lower,Pending human review
content_dfb3b3698c0f,client_f74efabef1,0,3.2354249301527956e-08,2555,Lower,Pending human review
content_ca507909e5da,client_f74efabef1,0,2.544616239181863e-08,2556,Lower,Pending human review
content_3cdab546c4f2,client_f74efabef1,0,2.47321370209648e-08,2557,Lower,Pending human review
content_e9534885a22a,client_a88a7902cb,0,1.3362246312605898e-08,2558,Lower,Pending human review
content_ef7da6a32a99,client_f74efabef1,0,1.527583882733689e-09,2559,Lower,Pending human review
content_3f0ec5aaeb3d,client_8b940be7fb,0,1.1374437414162497e-09,2560,Lower,Pending human review
content_8098deec1ecc,client_f74efabef1,0,6.745074569702956e-10,2561,Lower,Pending human review
content_509658f1cc29,client_f74efabef1,0,4.6515750254848143e-10,2562,Lower,Pending human review
content_9fdf161a11c3,client_f74efabef1,0,2.8829547221314144e-10,2563,Lower,Pending human review
content_d5a7cdc69f42,client_f74efabef1,0,2.6488102142268186e-10,2564,Lower,Pending human review
content_43f7f5bfbb76,client_f74efabef1,0,1.9665955997423862e-10,2565,Lower,Pending human review
content_d8ff1cbf4a02,client_f74efabef1,0,1.9408159424675945e-10,2566,Lower,Pending human review
content_5954bb93abae,client_f74efabef1,0,1.880382181731086e-10,2567,Lower,Pending human review
content_629f1ff5f113,client_f74efabef1,0,1.4676702496098872e-10,2568,Lower,Pending human review
content_36a5d6bc927d,client_f74efabef1,0,1.3182832420387e-10,2569,Lower,Pending human review
content_8fdbff16a886,client_f74efabef1,0,4.6108872456084194e-11,2570,Lower,Pending human review
content_cd587997e2db,client_a88a7902cb,0,1.4640527649521457e-11,2571,Lower,Pending human review
content_f0088963928b,client_f74efabef1,0,7.669411895777646e-12,2572,Lower,Pending human review
content_cb7e312f5d32,client_9f14025af0,0,7.496987147425857e-12,2573,Lower,Pending human review
content_b7a2e0aef6f8,client_f74efabef1,0,3.701595627078413e-12,2574,Lower,Pending human review
content_f52ba4db9a5c,client_f74efabef1,0,1.1873375689531309e-12,2575,Lower,Pending human review
content_68c5e7d6c717,client_a88a7902cb,0,5.705900252085983e-13,2576,Lower,Pending human review
content_fa07bccfb45a,client_f74efabef1,0,2.1063008004498243e-13,2577,Lower,Pending human review
content_ed9ef318ded6,client_f74efabef1,0,1.3465036929593128e-13,2578,Lower,Pending human review
content_68a50c58b4d2,client_f74efabef1,0,6.870857256136368e-14,2579,Lower,Pending human review
content_69e7f8325dee,client_f74efabef1,0,6.358877869966337e-14,2580,Lower,Pending human review
content_211fbf1c50dc,client_f74efabef1,0,1.582618337508182e-14,2581,Lower,Pending human review
content_213563ec13e4,client_f74efabef1,0,5.36716038027372e-15,2582,Lower,Pending human review
content_55de7cd1e474,client_f74efabef1,0,8.320248049010841e-17,2583,Lower,Pending human review
content_5d090b3ce594,client_f74efabef1,0,3.772615101976371e-17,2584,Lower,Pending human review
content_17e2ebceb561,client_f74efabef1,0,1.783840663616348e-17,2585,Lower,Pending human review
content_21677371b703,client_f74efabef1,0,1.6716046575794535e-17,2586,Lower,Pending human review
content_c0700450c435,client_f74efabef1,0,1.5995376701393678e-17,2587,Lower,Pending human review
content_9c8299b55f3c,client_624b60c58c,0,9.927817209622147e-19,2588,Lower,Pending human review
content_cc9e8d3acf31,client_f74efabef1,0,6.604747172154942e-19,2589,Lower,Pending human review
content_59dff644023a,client_f74efabef1,0,9.594009779179732e-20,2590,Lower,Pending human review
content_59a2500a29e0,client_f74efabef1,0,9.180126719453105e-20,2591,Lower,Pending human review
content_85f2b81f736c,client_f74efabef1,0,6.183254791123509e-21,2592,Lower,Pending human review
content_7cddffe05038,client_8b940be7fb,0,1.7666863231580654e-21,2593,Lower,Pending human review
content_e1152cd9d726,client_f74efabef1,0,1.184068100698888e-21,2594,Lower,Pending human review
content_82138d5ed412,client_f74efabef1,0,9.167447110243614e-22,2595,Lower,Pending human review
content_7448304bec7f,client_8b940be7fb,0,4.73816866087681e-22,2596,Lower,Pending human review
content_ac77a0ae4185,client_f74efabef1,0,1.9536685043905734e-22,2597,Lower,Pending human review
content_695c3c9b6cc3,client_f74efabef1,0,1.6765534071250483e-22,2598,Lower,Pending human review
content_a6a6536360bc,client_f74efabef1,0,4.311717512492066e-24,2599,Lower,Pending human review
content_c9dfd4c227f8,client_f74efabef1,0,2.3841105212620283e-24,2600,Lower,Pending human review
content_30341885054c,client_f74efabef1,0,9.13078854241865e-26,2601,Lower,Pending human review
content_43cf1a4b1e05,client_f74efabef1,0,3.198568891497183e-29,2602,Lower,Pending human review
content_46dcbfd5cd97,client_f74efabef1,0,2.92793959585768e-29,2603,Lower,Pending human review
content_d115b5fa1a44,client_f74efabef1,0,3.0410186902403733e-33,2604,Lower,Pending human review
content_c4dba8c78807,client_f74efabef1,0,1.3947408067398832e-35,2605,Lower,Pending human review
content_6a4f086ef3c4,client_f74efabef1,0,2.1647603544291388e-38,2606,Lower,Pending human review
content_aef984d6c132,client_f74efabef1,0,1.488329957435185e-41,2607,Lower,Pending human review
content_9f9d01b5fedd,client_f74efabef1,0,5.305341469002026e-81,2608,Lower,Pending human review
